corporateID,corporateName,corporateKana,cityID,location,moddate
8000012160147,札幌検察審査会,サッポロケンサツシンサカイ,01101,北海道札幌市中央区大通西１１丁目,2018-04-01T15:00:00.000Z
8000013030043,札幌地方裁判所,サッポロチホウサイバンショ,01101,北海道札幌市中央区大通西１１丁目,2018-04-01T15:00:00.000Z
5000013010007,札幌高等裁判所,サッポロコウトウサイバンショ,01101,北海道札幌市中央区大通西１１丁目,2018-04-01T15:00:00.000Z
7000013040043,札幌家庭裁判所,サッポロカテイサイバンショ,01101,北海道札幌市中央区大通西１２丁目,2018-04-01T15:00:00.000Z
9000012140008,札幌高等検察庁,サッポロコウトウケンサツチョウ,01101,北海道札幌市中央区大通西１２丁目,2018-04-01T15:00:00.000Z
6000013050381,札幌簡易裁判所,サッポロカンイサイバンショ,01101,北海道札幌市中央区大通西１２丁目,2018-04-01T15:00:00.000Z
5000012140052,札幌地方検察庁,サッポロチホウケンサツチョウ,01101,北海道札幌市中央区大通西１２丁目,2018-04-01T15:00:00.000Z
4000012140053,函館地方検察庁,ハコダテチホウケンサツチョウ,01202,北海道函館市上新川町１－１３,2018-04-01T15:00:00.000Z
7000013030044,函館地方裁判所,ハコダテチホウサイバンショ,01202,北海道函館市上新川町１－８,2018-04-01T15:00:00.000Z
6000013040044,函館家庭裁判所,ハコダテカテイサイバンショ,01202,北海道函館市上新川町１－８,2018-04-01T15:00:00.000Z
3000012160151,函館検察審査会,ハコダテケンサツシンサカイ,01202,北海道函館市上新川町１－８,2018-04-01T15:00:00.000Z
3000013050392,函館簡易裁判所,ハコダテカンイサイバンショ,01202,北海道函館市上新川町１－８,2018-04-01T15:00:00.000Z
4000012160150,小樽検察審査会,オタルケンサツシンサカイ,01203,北海道小樽市花園５丁目１－１,2018-04-01T15:00:00.000Z
5000013050390,小樽簡易裁判所,オタルカンイサイバンショ,01203,北海道小樽市花園５丁目１－１,2018-04-01T15:00:00.000Z
5000013040045,旭川家庭裁判所,アサヒカワカテイサイバンショ,01204,北海道旭川市花咲町４丁目,2018-04-01T15:00:00.000Z
7000013050397,旭川簡易裁判所,アサヒカワカンイサイバンショ,01204,北海道旭川市花咲町４丁目,2018-04-01T15:00:00.000Z
6000013030045,旭川地方裁判所,アサヒカワチホウサイバンショ,01204,北海道旭川市花咲町４丁目,2018-04-01T15:00:00.000Z
2000012160152,旭川検察審査会,アサヒカワケンサツシンサカイ,01204,北海道旭川市花咲町４丁目,2018-04-01T15:00:00.000Z
3000012140054,旭川地方検察庁,アサヒカワチホウケンサツチョウ,01204,北海道旭川市花咲町４丁目,2018-04-01T15:00:00.000Z
6000012160149,室蘭検察審査会,ムロランケンサツシンサカイ,01205,北海道室蘭市日の出町１丁目１８－２９,2018-04-01T15:00:00.000Z
2000013050385,室蘭簡易裁判所,ムロランカンイサイバンショ,01205,北海道室蘭市日の出町１丁目１８－２９,2018-04-01T15:00:00.000Z
1000012160153,釧路検察審査会,クシロケンサツシンサカイ,01206,北海道釧路市柏木町４－７,2018-04-01T15:00:00.000Z
5000013030046,釧路地方裁判所,クシロチホウサイバンショ,01206,北海道釧路市柏木町４－７,2018-04-01T15:00:00.000Z
7000013050406,釧路簡易裁判所,クシロカンイサイバンショ,01206,北海道釧路市柏木町４－７,2018-04-01T15:00:00.000Z
4000013040046,釧路家庭裁判所,クシロカテイサイバンショ,01206,北海道釧路市柏木町４－７,2018-04-01T15:00:00.000Z
2000012140055,釧路地方検察庁,クシロチホウケンサツチョウ,01206,北海道釧路市柏木町５－７,2018-04-01T15:00:00.000Z
9000012160154,帯広検察審査会,オビヒロケンサツシンサカイ,01207,北海道帯広市東八条南９丁目１,2018-04-01T15:00:00.000Z
6000013050407,帯広簡易裁判所,オビヒロカンイサイバンショ,01207,北海道帯広市東八条南９丁目１,2018-04-01T15:00:00.000Z
2000013050410,北見簡易裁判所,キタミカンイサイバンショ,01208,北海道北見市寿町４丁目７－３６,2018-04-01T15:00:00.000Z
8000012160155,北見検察審査会,キタミケンサツシンサカイ,01208,北海道北見市寿町４丁目７－３６,2018-04-01T15:00:00.000Z
4000013050383,夕張簡易裁判所,ユウバリカンイサイバンショ,01209,北海道夕張市末広１丁目９２－１６,2018-04-01T15:00:00.000Z
5000013050382,岩見沢簡易裁判所,イワミザワカンイサイバンショ,01210,北海道岩見沢市四条東４丁目,2018-04-01T15:00:00.000Z
7000012160148,岩見沢検察審査会,イワミザワケンサツシンサカイ,01210,北海道岩見沢市四条東４丁目,2018-04-01T15:00:00.000Z
4000013050409,網走簡易裁判所,アバシリカンイサイバンショ,01211,北海道網走市台町２丁目２－１,2018-04-01T15:00:00.000Z
1000013050403,留萌簡易裁判所,ルモイカンイサイバンショ,01212,北海道留萌市沖見町２丁目,2018-04-01T15:00:00.000Z
9000013050387,苫小牧簡易裁判所,トマコマイカンイサイバンショ,01213,北海道苫小牧市旭町２丁目７－１２,2018-04-01T15:00:00.000Z
9000013050404,稚内簡易裁判所,ワッカナイカンイサイバンショ,01214,北海道稚内市潮見１丁目３－１０,2018-04-01T15:00:00.000Z
3000013050401,紋別簡易裁判所,モンベツカンイサイバンショ,01219,北海道紋別市潮見町１丁目５－４８,2018-04-01T15:00:00.000Z
4000013050400,名寄簡易裁判所,ナヨロカンイサイバンショ,01221,北海道名寄市西四条南９丁目,2018-04-01T15:00:00.000Z
9000013050412,根室簡易裁判所,ネムロカンイサイバンショ,01223,北海道根室市敷島町２丁目３,2018-04-01T15:00:00.000Z
3000013050384,滝川簡易裁判所,タキカワカンイサイバンショ,01225,北海道滝川市大町１丁目６－１３,2018-04-01T15:00:00.000Z
6000013050398,深川簡易裁判所,フカガワカンイサイバンショ,01228,北海道深川市二条１－４,2018-04-01T15:00:00.000Z
5000013050399,富良野簡易裁判所,フラノカンイサイバンショ,01229,北海道富良野市弥生町２－５５,2018-04-01T15:00:00.000Z
1000013050386,伊達簡易裁判所,ダテカンイサイバンショ,01233,北海道伊達市末永町４７－１０,2018-04-01T15:00:00.000Z
2000013050393,松前簡易裁判所,マツマエカンイサイバンショ,01331,北海道松前郡松前町字建石４８,2018-04-01T15:00:00.000Z
1000013050394,八雲簡易裁判所,ヤクモカンイサイバンショ,01346,北海道二海郡八雲町末広町１８４,2018-04-01T15:00:00.000Z
9000013050395,江差簡易裁判所,エサシカンイサイバンショ,01361,北海道檜山郡江差町字本町２３７,2018-04-01T15:00:00.000Z
8000013050396,寿都簡易裁判所,スッツカンイサイバンショ,01392,北海道寿都郡寿都町字新栄町２０９,2018-04-01T15:00:00.000Z
4000013050391,岩内簡易裁判所,イワナイカンイサイバンショ,01402,北海道岩内郡岩内町字高台１９２－１,2018-04-01T15:00:00.000Z
8000013050405,天塩簡易裁判所,テシオカンイサイバンショ,01487,北海道天塩郡天塩町新栄通７丁目,2018-04-01T15:00:00.000Z
2000013050402,中頓別簡易裁判所,ナカトンベツカンイサイバンショ,01513,北海道枝幸郡中頓別町字中頓別１６６－５,2018-04-01T15:00:00.000Z
1000013050411,遠軽簡易裁判所,エンガルカンイサイバンショ,01555,北海道紋別郡遠軽町一条通北２丁目３－２５,2018-04-01T15:00:00.000Z
8000013050388,浦河簡易裁判所,ウラカワカンイサイバンショ,01607,北海道浦河郡浦河町常盤町１９,2018-04-01T15:00:00.000Z
7000013050389,静内簡易裁判所,シズナイカンイサイバンショ,01610,北海道日高郡新ひだか町静内こうせい町２丁目１－１０,2018-04-01T15:00:00.000Z
5000013050408,本別簡易裁判所,ホンベツカンイサイバンショ,01646,北海道中川郡本別町柳町４,2018-04-01T15:00:00.000Z
8000013050413,標津簡易裁判所,シベツカンイサイバンショ,01693,北海道標津郡標津町北二条西１丁目１－１７,2018-04-01T15:00:00.000Z
6000012140051,青森地方検察庁,アオモリチホウケンサツチョウ,02201,青森県青森市長島１丁目３－２５,2018-04-01T15:00:00.000Z
9000013030042,青森地方裁判所,アオモリチホウサイバンショ,02201,青森県青森市長島１丁目３－２６,2018-04-01T15:00:00.000Z
6000013050373,青森簡易裁判所,アオモリカンイサイバンショ,02201,青森県青森市長島１丁目３－２６,2018-04-01T15:00:00.000Z
2000012160144,青森検察審査会,アオモリケンサツシンサカイ,02201,青森県青森市長島１丁目３－２６,2018-04-01T15:00:00.000Z
8000013040042,青森家庭裁判所,アオモリカテイサイバンショ,02201,青森県青森市長島１丁目３－２６,2018-04-01T15:00:00.000Z
2000013050377,弘前簡易裁判所,ヒロサキカンイサイバンショ,02202,青森県弘前市大字下白銀町７,2018-04-01T15:00:00.000Z
1000012160145,弘前検察審査会,ヒロサキケンサツシンサカイ,02202,青森県弘前市大字下白銀町７,2018-04-01T15:00:00.000Z
9000012160146,八戸検察審査会,ハチノヘケンサツシンサカイ,02203,青森県八戸市根城９丁目１３－６,2018-04-01T15:00:00.000Z
9000013050379,八戸簡易裁判所,ハチノヘカンイサイバンショ,02203,青森県八戸市根城９丁目１３－６,2018-04-01T15:00:00.000Z
3000013050376,五所川原簡易裁判所,ゴショガワラカンイサイバンショ,02205,青森県五所川原市字元町５４,2018-04-01T15:00:00.000Z
7000013050380,十和田簡易裁判所,トワダカンイサイバンショ,02206,青森県十和田市西二番町１４－８,2018-04-01T15:00:00.000Z
5000013050374,むつ簡易裁判所,ムツカンイサイバンショ,02208,青森県むつ市中央１丁目１－５,2018-04-01T15:00:00.000Z
1000013050378,鰺ヶ沢簡易裁判所,アジガサワカンイサイバンショ,02321,青森県西津軽郡鰺ヶ沢町大字米町３８,2018-04-01T15:00:00.000Z
4000013050375,野辺地簡易裁判所,ノヘジカンイサイバンショ,02401,青森県上北郡野辺地町字野辺地４１９,2018-04-01T15:00:00.000Z
9000012140049,盛岡地方検察庁,モリオカチホウケンサツチョウ,03201,岩手県盛岡市内丸８－２０,2018-04-01T15:00:00.000Z
1000013050353,盛岡簡易裁判所,モリオカカンイサイバンショ,03201,岩手県盛岡市内丸９－１,2018-04-01T15:00:00.000Z
1000012160137,盛岡検察審査会,モリオカケンサツシンサカイ,03201,岩手県盛岡市内丸９－１,2018-04-01T15:00:00.000Z
2000013030040,盛岡地方裁判所,モリオカチホウサイバンショ,03201,岩手県盛岡市内丸９－１,2018-04-01T15:00:00.000Z
1000013040040,盛岡家庭裁判所,モリオカカテイサイバンショ,03201,岩手県盛岡市内丸９－１,2018-04-01T15:00:00.000Z
2000013050360,宮古簡易裁判所,ミヤコカンイサイバンショ,03202,岩手県宮古市宮町１丁目３－３０,2018-04-01T15:00:00.000Z
4000013050359,大船渡簡易裁判所,オオフナトカンイサイバンショ,03203,岩手県大船渡市盛町字宇津野沢９－３,2018-04-01T15:00:00.000Z
9000013050354,花巻簡易裁判所,ハナマキカンイサイバンショ,03205,岩手県花巻市花城町８－２６,2018-04-01T15:00:00.000Z
7000013050356,久慈簡易裁判所,クジカンイサイバンショ,03207,岩手県久慈市田屋町２－５０－５,2018-04-01T15:00:00.000Z
6000013050357,遠野簡易裁判所,トオノカンイサイバンショ,03208,岩手県遠野市東舘町２－３,2018-04-01T15:00:00.000Z
8000012160139,一関検察審査会,イチノセキケンサツシンサカイ,03209,岩手県一関市城内３－６,2018-04-01T15:00:00.000Z
1000013050361,一関簡易裁判所,イチノセキカンイサイバンショ,03209,岩手県一関市城内３－６,2018-04-01T15:00:00.000Z
5000013050358,釜石簡易裁判所,カマイシカンイサイバンショ,03211,岩手県釜石市大只越町１丁目７－５,2018-04-01T15:00:00.000Z
9000012160138,二戸検察審査会,ニノヘケンサツシンサカイ,03213,岩手県二戸市福岡字城ノ内４－２,2018-04-01T15:00:00.000Z
8000013050355,二戸簡易裁判所,ニノヘカンイサイバンショ,03213,岩手県二戸市福岡字城ノ内４－２,2018-04-01T15:00:00.000Z
9000013050362,水沢簡易裁判所,ミズサワカンイサイバンショ,03215,岩手県奥州市水沢大手町４丁目１９,2018-04-15T15:00:00.000Z
1000012140007,仙台高等検察庁,センダイコウトウケンサツチョウ,04101,宮城県仙台市青葉区片平１丁目３－１,2018-04-01T15:00:00.000Z
3000012140046,仙台地方検察庁,センダイチホウケンサツチョウ,04101,宮城県仙台市青葉区片平１丁目３－１,2018-04-01T15:00:00.000Z
3000012160127,仙台検察審査会,センダイケンサツシンサカイ,04101,宮城県仙台市青葉区片平１丁目６－１,2018-04-01T15:00:00.000Z
6000013010006,仙台高等裁判所,センダイコウトウサイバンショ,04101,宮城県仙台市青葉区片平１丁目６－１,2018-04-01T15:00:00.000Z
6000013030037,仙台地方裁判所,センダイチホウサイバンショ,04101,宮城県仙台市青葉区片平１丁目６－１,2018-04-01T15:00:00.000Z
5000013040037,仙台家庭裁判所,センダイカテイサイバンショ,04101,宮城県仙台市青葉区片平１丁目６－１,2018-04-01T15:00:00.000Z
8000013050330,仙台簡易裁判所,センダイカンイサイバンショ,04101,宮城県仙台市青葉区片平１丁目６－１,2018-04-01T15:00:00.000Z
4000013050334,石巻簡易裁判所,イシノマキカンイサイバンショ,04202,宮城県石巻市泉町４丁目４－２８,2018-04-01T15:00:00.000Z
2000013050336,気仙沼簡易裁判所,ケセンヌマカンイサイバンショ,04205,宮城県気仙沼市河原田１丁目２－３０,2018-04-01T15:00:00.000Z
3000013050335,登米簡易裁判所,トメカンイサイバンショ,04212,宮城県登米市登米町寺池桜小路１０５－３,2018-04-01T15:00:00.000Z
5000013050333,築館簡易裁判所,ツキダテカンイサイバンショ,04213,宮城県栗原市築館薬師３丁目４－１４,2018-04-01T15:00:00.000Z
6000013050332,古川簡易裁判所,フルカワカンイサイバンショ,04215,宮城県大崎市古川駅南２丁目９－４６,2018-04-01T15:00:00.000Z
2000012160128,古川検察審査会,フルカワケンサツシンサカイ,04215,宮城県大崎市古川駅南２丁目９－４６,2018-04-01T15:00:00.000Z
7000013050331,大河原簡易裁判所,オオガワラカンイサイバンショ,04321,宮城県柴田郡大河原町字中川原９,2018-04-01T15:00:00.000Z
9000013040041,秋田家庭裁判所,アキタカテイサイバンショ,05201,秋田県秋田市山王７丁目１－１,2018-04-01T15:00:00.000Z
8000013050363,秋田簡易裁判所,アキタカンイサイバンショ,05201,秋田県秋田市山王７丁目１－１,2018-04-01T15:00:00.000Z
6000012160140,秋田検察審査会,アキタケンサツシンサカイ,05201,秋田県秋田市山王７丁目１－１,2018-04-01T15:00:00.000Z
1000013030041,秋田地方裁判所,アキタチホウサイバンショ,05201,秋田県秋田市山王７丁目１－１,2018-04-01T15:00:00.000Z
7000012140050,秋田地方検察庁,アキタチホウケンサツチョウ,05201,秋田県秋田市山王７丁目１－２,2018-04-01T15:00:00.000Z
5000012160141,能代検察審査会,ノシロケンサツシンサカイ,05202,秋田県能代市上町１－１５,2018-04-01T15:00:00.000Z
6000013050365,能代簡易裁判所,ノシロカンイサイバンショ,05202,秋田県能代市上町１－１５,2018-04-01T15:00:00.000Z
2000013050369,横手簡易裁判所,ヨコテカンイサイバンショ,05203,秋田県横手市城南町２－１,2018-04-01T15:00:00.000Z
4000013050367,大館簡易裁判所,オオダテカンイサイバンショ,05204,秋田県大館市字中城１５,2018-04-01T15:00:00.000Z
4000012160142,大館検察審査会,オオダテケンサツシンサカイ,05204,秋田県大館市字中城１５,2018-04-01T15:00:00.000Z
7000013050364,男鹿簡易裁判所,オガカンイサイバンショ,05206,秋田県男鹿市船川港船川字化世沢２１,2018-04-01T15:00:00.000Z
9000013050370,湯沢簡易裁判所,ユザワカンイサイバンショ,05207,秋田県湯沢市田町２丁目６－４１,2018-04-01T15:00:00.000Z
3000013050368,鹿角簡易裁判所,カヅノカンイサイバンショ,05209,秋田県鹿角市花輪字下中島１－１,2018-04-01T15:00:00.000Z
5000013050366,本荘簡易裁判所,ホンジョウカンイサイバンショ,05210,秋田県由利本荘市瓦谷地２１,2018-04-01T15:00:00.000Z
8000013050371,大曲簡易裁判所,オオマガリカンイサイバンショ,05212,秋田県大仙市大曲日の出町１丁目２０－４,2018-04-01T15:00:00.000Z
3000012160143,大曲検察審査会,オオマガリケンサツシンサカイ,05212,秋田県大仙市大曲日の出町１丁目２０－４,2018-04-01T15:00:00.000Z
7000013050372,角館簡易裁判所,カクノダテカンイサイバンショ,05215,秋田県仙北市角館町小館７７－４,2018-04-01T15:00:00.000Z
1000012140048,山形地方検察庁,ヤマガタチホウケンサツチョウ,06201,山形県山形市大手町１－３２,2018-04-01T15:00:00.000Z
5000012160133,山形検察審査会,ヤマガタケンサツシンサカイ,06201,山形県山形市旅篭町２丁目４－２２,2018-04-01T15:00:00.000Z
3000013040039,山形家庭裁判所,ヤマガタカテイサイバンショ,06201,山形県山形市旅篭町２丁目４－２２,2018-04-01T15:00:00.000Z
4000013030039,山形地方裁判所,ヤマガタチホウサイバンショ,06201,山形県山形市旅篭町２丁目４－２２,2018-04-01T15:00:00.000Z
9000013050346,山形簡易裁判所,ヤマガタカンイサイバンショ,06201,山形県山形市旅篭町２丁目４－２２,2018-04-01T15:00:00.000Z
7000013050348,米沢簡易裁判所,ヨネザワカンイサイバンショ,06202,山形県米沢市中央４丁目９－１５,2018-04-01T15:00:00.000Z
4000012160134,米沢検察審査会,ヨネザワケンサツシンサカイ,06202,山形県米沢市中央４丁目９－１５,2018-04-01T15:00:00.000Z
3000012160135,鶴岡検察審査会,ツルオカケンサツシンサカイ,06203,山形県鶴岡市馬場町５－２３,2018-04-01T15:00:00.000Z
3000013050351,鶴岡簡易裁判所,ツルオカカンイサイバンショ,06203,山形県鶴岡市馬場町５－２３,2018-04-01T15:00:00.000Z
2000013050352,酒田簡易裁判所,サカタカンイサイバンショ,06204,山形県酒田市日吉町１丁目５－２７,2018-04-01T15:00:00.000Z
2000012160136,酒田検察審査会,サカタケンサツシンサカイ,06204,山形県酒田市日吉町１丁目５－２７,2018-04-01T15:00:00.000Z
8000013050347,新庄簡易裁判所,シンジョウカンイサイバンショ,06205,山形県新庄市住吉町４－２７,2018-04-01T15:00:00.000Z
4000013050350,長井簡易裁判所,ナガイカンイサイバンショ,06209,山形県長井市四ツ谷１丁目７－２０,2018-04-01T15:00:00.000Z
6000013050349,赤湯簡易裁判所,アカユカンイサイバンショ,06213,山形県南陽市赤湯３１６,2018-04-01T15:00:00.000Z
4000013040038,福島家庭裁判所,フクシマカテイサイバンショ,07201,福島県福島市花園町５－３８,2018-04-01T15:00:00.000Z
1000012160129,福島検察審査会,フクシマケンサツシンサカイ,07201,福島県福島市花園町５－３８,2018-04-01T15:00:00.000Z
1000013050337,福島簡易裁判所,フクシマカンイサイバンショ,07201,福島県福島市花園町５－３８,2018-04-01T15:00:00.000Z
5000013030038,福島地方裁判所,フクシマチホウサイバンショ,07201,福島県福島市花園町５－３８,2018-04-01T15:00:00.000Z
2000012140047,福島地方検察庁,フクシマチホウケンサツチョウ,07201,福島県福島市狐塚１７,2018-04-01T15:00:00.000Z
7000012160131,会津若松検察審査会,アイヅワカマツケンサツシンサカイ,07202,福島県会津若松市追手町６－６,2018-04-01T15:00:00.000Z
5000013050341,会津若松簡易裁判所,アイヅワカマツカンイサイバンショ,07202,福島県会津若松市追手町６－６,2018-04-01T15:00:00.000Z
9000013050338,郡山簡易裁判所,コオリヤマカンイサイバンショ,07203,福島県郡山市麓山１丁目２－２６,2018-04-01T15:00:00.000Z
8000012160130,郡山検察審査会,コオリヤマケンサツシンサカイ,07203,福島県郡山市麓山１丁目２－２６,2018-04-01T15:00:00.000Z
3000013050343,いわき簡易裁判所,イワキカンイサイバンショ,07204,福島県いわき市平字八幡小路４１,2018-04-01T15:00:00.000Z
6000012160132,いわき検察審査会,イワキケンサツシンサカイ,07204,福島県いわき市平字八幡小路４１,2018-04-01T15:00:00.000Z
8000013050339,白河簡易裁判所,シラカワカンイサイバンショ,07205,福島県白河市郭内１４６,2018-04-01T15:00:00.000Z
1000013050345,相馬簡易裁判所,ソウマカンイサイバンショ,07209,福島県相馬市中村字大手先４８－１,2018-04-01T15:00:00.000Z
4000013050342,田島簡易裁判所,タジマカンイサイバンショ,07368,福島県南会津郡南会津町田島字後原甲３４８３－３,2018-04-01T15:00:00.000Z
6000013050340,棚倉簡易裁判所,タナグラカンイサイバンショ,07481,福島県東白川郡棚倉町大字棚倉字南町７８－１,2018-04-01T15:00:00.000Z
2000013050344,福島富岡簡易裁判所,フクシマトミオカカンイサイバンショ,07543,福島県双葉郡富岡町大字小浜字大膳町１１３,2018-04-01T15:00:00.000Z
6000013050043,水戸簡易裁判所,ミトカンイサイバンショ,08201,茨城県水戸市大町１丁目１－３８,2018-04-01T15:00:00.000Z
5000013030005,水戸地方裁判所,ミトチホウサイバンショ,08201,茨城県水戸市大町１丁目１－３８,2018-04-01T15:00:00.000Z
9000012160022,水戸検察審査会,ミトケンサツシンサカイ,08201,茨城県水戸市大町１丁目１－３８,2018-04-01T15:00:00.000Z
4000013040005,水戸家庭裁判所,ミトカテイサイバンショ,08201,茨城県水戸市大町１丁目１－３８,2018-04-01T15:00:00.000Z
2000012140014,水戸地方検察庁,ミトチホウケンサツチョウ,08201,茨城県水戸市北見町１－１,2020-09-27T15:00:00.000Z
4000013050045,日立簡易裁判所,ヒタチカンイサイバンショ,08202,茨城県日立市幸町２丁目１０－１２,2018-04-01T15:00:00.000Z
8000012160023,土浦検察審査会,ツチウラケンサツシンサカイ,08203,茨城県土浦市中央１丁目１３－１２,2018-04-01T15:00:00.000Z
2000013050047,土浦簡易裁判所,ツチウラカンイサイバンショ,08203,茨城県土浦市中央１丁目１３－１２,2018-04-01T15:00:00.000Z
3000013050054,古河簡易裁判所,コガカンイサイバンショ,08204,茨城県古河市東３丁目４－２０,2018-04-01T15:00:00.000Z
1000013050048,石岡簡易裁判所,イシオカカンイサイバンショ,08205,茨城県石岡市府中１丁目６－３,2018-04-01T15:00:00.000Z
9000013050049,龍ケ崎簡易裁判所,リュウガサキカンイサイバンショ,08208,茨城県龍ケ崎市４９１８,2018-04-01T15:00:00.000Z
5000013050052,下妻簡易裁判所,シモツマカンイサイバンショ,08210,茨城県下妻市下妻乙９９,2018-04-01T15:00:00.000Z
7000012160024,下妻検察審査会,シモツマケンサツシンサカイ,08210,茨城県下妻市下妻乙９９,2018-04-01T15:00:00.000Z
3000013050046,常陸太田簡易裁判所,ヒタチオオタカンイサイバンショ,08212,茨城県常陸太田市木崎二町２０１９,2018-04-01T15:00:00.000Z
5000013050044,笠間簡易裁判所,カサマカンイサイバンショ,08216,茨城県笠間市笠間１７５３,2018-04-01T15:00:00.000Z
7000013050050,取手簡易裁判所,トリデカンイサイバンショ,08217,茨城県取手市取手３丁目２－２０,2018-04-01T15:00:00.000Z
4000013050053,下館簡易裁判所,シモダテカンイサイバンショ,08227,茨城県筑西市乙２３７－６,2018-04-01T15:00:00.000Z
6000013050051,麻生簡易裁判所,アソウカンイサイバンショ,08233,茨城県行方市麻生１４３,2018-04-01T15:00:00.000Z
2000013050055,宇都宮簡易裁判所,ウツノミヤカンイサイバンショ,09201,栃木県宇都宮市小幡１丁目１－３８,2018-04-01T15:00:00.000Z
4000013030006,宇都宮地方裁判所,ウツノミヤチホウサイバンショ,09201,栃木県宇都宮市小幡１丁目１－３８,2018-04-01T15:00:00.000Z
3000013040006,宇都宮家庭裁判所,ウツノミヤカテイサイバンショ,09201,栃木県宇都宮市小幡１丁目１－３８,2018-04-01T15:00:00.000Z
6000012160025,宇都宮検察審査会,ウツノミヤケンサツシンサカイ,09201,栃木県宇都宮市小幡１丁目１－３８,2018-04-01T15:00:00.000Z
1000012140015,宇都宮地方検察庁,ウツノミヤチホウケンサツチョウ,09201,栃木県宇都宮市小幡２丁目１－１１,2018-04-01T15:00:00.000Z
5000013050060,足利簡易裁判所,アシカガカンイサイバンショ,09202,栃木県足利市丸山町６２１,2018-04-01T15:00:00.000Z
3000012160028,足利検察審査会,アシカガケンサツシンサカイ,09202,栃木県足利市丸山町６２１,2018-04-01T15:00:00.000Z
4000012160027,栃木検察審査会,トチギケンサツシンサカイ,09203,栃木県栃木市旭町１６－３１,2018-04-01T15:00:00.000Z
8000013050058,栃木簡易裁判所,トチギカンイサイバンショ,09203,栃木県栃木市旭町１６－３１,2018-04-01T15:00:00.000Z
7000013050059,小山簡易裁判所,オヤマカンイサイバンショ,09208,栃木県小山市八幡町１丁目２－１１,2018-04-01T15:00:00.000Z
1000013050056,真岡簡易裁判所,モオカカンイサイバンショ,09209,栃木県真岡市荒町５１１７－２,2018-04-01T15:00:00.000Z
9000013050057,大田原簡易裁判所,オオタワラカンイサイバンショ,09210,栃木県大田原市中央２丁目３－２５,2018-04-01T15:00:00.000Z
5000012160026,大田原検察審査会,オオタワラケンサツシンサカイ,09210,栃木県大田原市中央２丁目３－２５,2018-04-01T15:00:00.000Z
4000013050061,前橋簡易裁判所,マエバシカンイサイバンショ,10201,群馬県前橋市大手町３丁目１－３４,2018-04-01T15:00:00.000Z
2000013040007,前橋家庭裁判所,マエバシカテイサイバンショ,10201,群馬県前橋市大手町３丁目１－３４,2018-04-01T15:00:00.000Z
3000013030007,前橋地方裁判所,マエバシチホウサイバンショ,10201,群馬県前橋市大手町３丁目１－３４,2018-04-01T15:00:00.000Z
2000012160029,前橋検察審査会,マエバシケンサツシンサカイ,10201,群馬県前橋市大手町３丁目１－３４,2018-04-01T15:00:00.000Z
9000012140016,前橋地方検察庁,マエバシチホウケンサツチョウ,10201,群馬県前橋市大手町３丁目２－１,2018-04-01T15:00:00.000Z
3000013050062,高崎簡易裁判所,タカサキカンイサイバンショ,10202,群馬県高崎市高松町２６－２,2018-04-01T15:00:00.000Z
8000012160031,高崎検察審査会,タカサキケンサツシンサカイ,10202,群馬県高崎市高松町２６－２,2018-04-01T15:00:00.000Z
8000013050066,桐生簡易裁判所,キリュウカンイサイバンショ,10203,群馬県桐生市相生町２丁目３７１－５,2018-04-01T15:00:00.000Z
9000013050065,伊勢崎簡易裁判所,イセサキカンイサイバンショ,10204,群馬県伊勢崎市今泉町１丁目１２１６－１,2018-04-01T15:00:00.000Z
9000012160030,太田検察審査会,オオタケンサツシンサカイ,10205,群馬県太田市浜町１７－５,2018-04-01T15:00:00.000Z
2000013050063,太田簡易裁判所,オオタカンイサイバンショ,10205,群馬県太田市浜町１７－５,2018-04-01T15:00:00.000Z
7000013050067,沼田簡易裁判所,ヌマタカンイサイバンショ,10206,群馬県沼田市材木町甲１５０,2018-04-01T15:00:00.000Z
1000013050064,館林簡易裁判所,タテバヤシカンイサイバンショ,10207,群馬県館林市仲町２－３６,2018-04-01T15:00:00.000Z
5000013050069,藤岡簡易裁判所,フジオカカンイサイバンショ,10209,群馬県藤岡市藤岡８１２－４,2018-04-01T15:00:00.000Z
3000013050070,群馬富岡簡易裁判所,グンマトミオカカンイサイバンショ,10210,群馬県富岡市富岡１３８３－１,2018-04-01T15:00:00.000Z
6000013050068,中之条簡易裁判所,ナカノジョウカンイサイバンショ,10421,群馬県吾妻郡中之条町大字中之条町７１９－２,2018-04-01T15:00:00.000Z
1000013050023,大宮簡易裁判所,オオミヤカンイサイバンショ,11103,埼玉県さいたま市大宮区高鼻町３丁目１４０,2018-04-01T15:00:00.000Z
9000012160014,さいたま第二検察審査会,サイタマダイニケンサツシンサカイ,11107,埼玉県さいたま市浦和区高砂３丁目１６－４５,2018-04-01T15:00:00.000Z
1000012160013,さいたま第一検察審査会,サイタマダイイチケンサツシンサカイ,11107,埼玉県さいたま市浦和区高砂３丁目１６－４５,2018-04-01T15:00:00.000Z
3000013050021,さいたま簡易裁判所,サイタマカンイサイバンショ,11107,埼玉県さいたま市浦和区高砂３丁目１６－４５,2018-04-01T15:00:00.000Z
6000013040003,さいたま家庭裁判所,サイタマカテイサイバンショ,11107,埼玉県さいたま市浦和区高砂３丁目１６－４５,2018-04-01T15:00:00.000Z
7000013030003,さいたま地方裁判所,サイタマチホウサイバンショ,11107,埼玉県さいたま市浦和区高砂３丁目１６－４５,2018-04-01T15:00:00.000Z
4000012140012,さいたま地方検察庁,サイタマチホウケンサツチョウ,11107,埼玉県さいたま市浦和区高砂３丁目１６－５８,2018-04-01T15:00:00.000Z
7000013050026,川越簡易裁判所,カワゴエカンイサイバンショ,11201,埼玉県川越市宮下町２丁目１－３,2018-04-01T15:00:00.000Z
8000012160015,川越検察審査会,カワゴエケンサツシンサカイ,11201,埼玉県川越市宮下町２丁目１－３,2018-04-01T15:00:00.000Z
7000012160016,熊谷検察審査会,クマガヤケンサツシンサカイ,11202,埼玉県熊谷市宮町１丁目６８,2018-04-01T15:00:00.000Z
4000013050029,熊谷簡易裁判所,クマガヤカンイサイバンショ,11202,埼玉県熊谷市宮町１丁目６８,2018-04-01T15:00:00.000Z
2000013050022,川口簡易裁判所,カワグチカンイサイバンショ,11203,埼玉県川口市中青木２丁目２２－５,2018-04-01T15:00:00.000Z
1000013050031,秩父簡易裁判所,チチブカンイサイバンショ,11207,埼玉県秩父市上町２丁目９－１２,2018-04-01T15:00:00.000Z
5000013050028,所沢簡易裁判所,トコロザワカンイサイバンショ,11208,埼玉県所沢市並木６丁目１－４,2018-04-01T15:00:00.000Z
6000013050027,飯能簡易裁判所,ハンノウカンイサイバンショ,11209,埼玉県飯能市大字双柳３７１,2018-04-01T15:00:00.000Z
2000013050030,本庄簡易裁判所,ホンジョウカンイサイバンショ,11211,埼玉県本庄市北堀１３９４－３,2018-04-01T15:00:00.000Z
8000013050025,越谷簡易裁判所,コシガヤカンイサイバンショ,11222,埼玉県越谷市東越谷９丁目２－８,2018-11-14T15:00:00.000Z
9000013050024,久喜簡易裁判所,クキカンイサイバンショ,11232,埼玉県久喜市久喜東１丁目１５－３,2018-04-01T15:00:00.000Z
3000012140013,千葉地方検察庁,チバチホウケンサツチョウ,12101,千葉県千葉市中央区中央４丁目１１－１,2018-04-01T15:00:00.000Z
6000013030004,千葉地方裁判所,チバチホウサイバンショ,12101,千葉県千葉市中央区中央４丁目１１－２７,2018-04-01T15:00:00.000Z
5000013040004,千葉家庭裁判所,チバカテイサイバンショ,12101,千葉県千葉市中央区中央４丁目１１－２７,2018-04-01T15:00:00.000Z
9000013050032,千葉簡易裁判所,チバカンイサイバンショ,12101,千葉県千葉市中央区中央４丁目１１－２７,2018-04-01T15:00:00.000Z
5000012160018,千葉第二検察審査会,チバダイニケンサツシンサカイ,12101,千葉県千葉市中央区中央４丁目１１－２７,2018-04-01T15:00:00.000Z
6000012160017,千葉第一検察審査会,チバダイイチケンサツシンサカイ,12101,千葉県千葉市中央区中央４丁目１１－２７,2018-04-01T15:00:00.000Z
2000013050039,銚子簡易裁判所,チョウシカンイサイバンショ,12202,千葉県銚子市清川町４丁目９－４,2018-04-01T15:00:00.000Z
5000013050036,市川簡易裁判所,イチカワカンイサイバンショ,12203,千葉県市川市鬼高２丁目２０－２０,2018-04-01T15:00:00.000Z
3000013050038,館山簡易裁判所,タテヤマカンイサイバンショ,12205,千葉県館山市北条１０７３,2018-04-01T15:00:00.000Z
4000013050037,木更津簡易裁判所,キサラヅカンイサイバンショ,12206,千葉県木更津市新田２丁目５－１,2018-04-01T15:00:00.000Z
2000012160020,木更津検察審査会,キサラヅケンサツシンサカイ,12206,千葉県木更津市新田２丁目５－１,2018-04-01T15:00:00.000Z
6000013050035,松戸簡易裁判所,マツドカンイサイバンショ,12207,千葉県松戸市岩瀬無番地,2018-04-01T15:00:00.000Z
4000012160019,松戸検察審査会,マツドケンサツシンサカイ,12207,千葉県松戸市岩瀬無番地,2018-04-01T15:00:00.000Z
8000013050033,佐倉簡易裁判所,サクラカンイサイバンショ,12212,千葉県佐倉市弥勒町９２,2018-04-01T15:00:00.000Z
9000013050040,東金簡易裁判所,トウガネカンイサイバンショ,12213,千葉県東金市田間２３５４－２,2018-04-01T15:00:00.000Z
1000012160021,八日市場検察審査会,ヨウカイチバケンサツシンサカイ,12235,千葉県匝瑳市八日市場イ２７６０,2018-04-01T15:00:00.000Z
8000013050041,八日市場簡易裁判所,ヨウカイチバカンイサイバンショ,12235,千葉県匝瑳市八日市場イ２７６０,2018-04-01T15:00:00.000Z
7000013050042,佐原簡易裁判所,サワラカンイサイバンショ,12236,千葉県香取市佐原イ３３７５,2018-04-01T15:00:00.000Z
7000013050034,千葉一宮簡易裁判所,チバイチノミヤカンイサイバンショ,12421,千葉県長生郡一宮町一宮２７９１,2018-04-01T15:00:00.000Z
1000011000005,国立国会図書館,コクリツコッカイトショカン,13101,東京都千代田区永田町１丁目１０－１,2018-04-01T15:00:00.000Z
3000011000003,裁判官弾劾裁判所,サイバンカンダンガイサイバンショ,13101,東京都千代田区永田町１丁目１１－１６参議院第二別館内,2018-04-01T15:00:00.000Z
1000012010011,郵政民営化推進本部,ユウセイミンエイカスイシンホンブ,13101,東京都千代田区永田町１丁目１１－３９,2018-04-01T15:00:00.000Z
6000012010031,健康・医療戦略推進本部,ケンコウイリョウセンリャクスイシンホンブ,13101,東京都千代田区永田町１丁目１１－３９,2018-04-01T15:00:00.000Z
5000012010016,総合特別区域推進本部,ソウゴウトクベツクイキスイシンホンブ,13101,東京都千代田区永田町１丁目１１－３９永田町合同庁舎６階,2018-04-01T15:00:00.000Z
6000012010007,構造改革特別区域推進本部,コウゾウカイカクトクベツクイキスイシンホンブ,13101,東京都千代田区永田町１丁目１１－３９永田町合同庁舎６階,2018-04-01T15:00:00.000Z
2000012010010,地域再生本部,チイキサイセイホンブ,13101,東京都千代田区永田町１丁目１１－３９永田町合同庁舎６階,2018-04-01T15:00:00.000Z
9000012010012,中心市街地活性化本部,チュウシンシガイチカッセイカホンブ,13101,東京都千代田区永田町１丁目１１－３９永田町合同庁舎７階,2018-04-01T15:00:00.000Z
7000012010006,都市再生本部,トシサイセイホンブ,13101,東京都千代田区永田町１丁目１１－３９永田町合同庁舎８階,2018-04-01T15:00:00.000Z
1000012010028,国土強靱化推進本部,コクドキョウジンカスイシンホンブ,13101,東京都千代田区永田町１丁目６－１,2018-04-01T15:00:00.000Z
3000012010018,原子力防災会議,ゲンシリョクボウサイカイギ,13101,東京都千代田区永田町１丁目６－１,2018-04-01T15:00:00.000Z
4000012010009,地球温暖化対策推進本部,チキュウオンダンカタイサクスイシンホンブ,13101,東京都千代田区永田町１丁目６－１,2018-04-01T15:00:00.000Z
8000012010013,道州制特別区域推進本部,ドウシュウセイトクベツクイキスイシンホンブ,13101,東京都千代田区永田町１丁目６－１,2018-04-01T15:00:00.000Z
3000012010001,内閣官房,ナイカクカンボウ,13101,東京都千代田区永田町１丁目６－１,2018-04-01T15:00:00.000Z
2000012010019,内閣府,ナイカクフ,13101,東京都千代田区永田町１丁目６－１,2018-04-01T15:00:00.000Z
3000012010034,東京オリンピック競技大会・東京パラリンピック競技大会推進本部,トウキョウオリンピックキョウギタイカイトウキョウパラリンピックキョウギタイカイスイシンホンブ,13101,東京都千代田区永田町１丁目６－１,2018-04-01T15:00:00.000Z
7000012010030,社会保障制度改革推進会議,シャカイホショウカイカクスイシンカイギ,13101,東京都千代田区永田町１丁目６－１,2018-04-01T15:00:00.000Z
9000012010029,社会保障制度改革推進本部,シャカイホショウカイカクスイシンホンブ,13101,東京都千代田区永田町１丁目６－１,2018-04-01T15:00:00.000Z
4000012010033,まち・ひと・しごと創生本部,マチヒトシゴトソウセイホンブ,13101,東京都千代田区永田町１丁目６－１中央合同庁舎第８号館,2018-04-01T15:00:00.000Z
5000012010008,知的財産戦略本部,チテキザイサンセンリャクホンブ,13101,東京都千代田区永田町１丁目６－１内閣府本府庁舎３階,2018-04-01T15:00:00.000Z
5000011000001,衆議院,シュウギイン,13101,東京都千代田区永田町１丁目７－１,2018-04-01T15:00:00.000Z
4000011000002,参議院,サンギイン,13101,東京都千代田区永田町１丁目７－１,2018-04-01T15:00:00.000Z
2000011000004,裁判官訴追委員会,サイバンカンソツイイインカイ,13101,東京都千代田区永田町２丁目１－２衆議院第二議員会館内,2018-04-01T15:00:00.000Z
2000012010035,サイバーセキュリティ戦略本部,サイバーセキュリティセンリャクホンブ,13101,東京都千代田区永田町２丁目３－１,2018-04-01T15:00:00.000Z
9000012010004,国家安全保障会議,コッカアンゼンホショウカイギ,13101,東京都千代田区永田町２丁目４－１２,2018-04-01T15:00:00.000Z
7000012140001,最高検察庁,サイコウケンサツチョウ,13101,東京都千代田区霞が関１丁目１－１,2018-04-01T15:00:00.000Z
1000012030001,法務省,ホウムショウ,13101,東京都千代田区霞が関１丁目１－１,2018-04-01T15:00:00.000Z
6000012140010,東京地方検察庁,トウキョウチホウケンサツチョウ,13101,東京都千代田区霞が関１丁目１－１,2018-04-01T15:00:00.000Z
8000012010021,公正取引委員会,コウセイトリヒキイインカイ,13101,東京都千代田区霞が関１丁目１－１,2018-04-01T15:00:00.000Z
6000012140002,東京高等検察庁,トウキョウコウトウケンサツチョウ,13101,東京都千代田区霞が関１丁目１－１,2018-04-01T15:00:00.000Z
9000012030002,公安審査委員会,コウアンシンサイインカイ,13101,東京都千代田区霞が関１丁目１－１,2018-04-01T15:00:00.000Z
7000012030004,出入国在留管理庁,シュツニュウコクザイリュウカンリチョウ,13101,東京都千代田区霞が関１丁目１－１,2019-04-03T15:00:00.000Z
8000012030003,公安調査庁,コウアンチョウサチョウ,13101,東京都千代田区霞が関１丁目１－１,2018-04-01T15:00:00.000Z
8000013040001,東京家庭裁判所,トウキョウカテイサイバンショ,13101,東京都千代田区霞が関１丁目１－２,2018-04-01T15:00:00.000Z
7000013050001,東京簡易裁判所,トウキョウカンイサイバンショ,13101,東京都千代田区霞が関１丁目１－２,2018-04-01T15:00:00.000Z
9000012160006,東京第六検察審査会,トウキョウダイロクケンサツシンサカイ,13101,東京都千代田区霞が関１丁目１－４,2018-04-01T15:00:00.000Z
1000012160005,東京第五検察審査会,トウキョウダイゴケンサツシンサカイ,13101,東京都千代田区霞が関１丁目１－４,2018-04-01T15:00:00.000Z
4000012160002,東京第二検察審査会,トウキョウダイニケンサツシンサカイ,13101,東京都千代田区霞が関１丁目１－４,2018-04-01T15:00:00.000Z
3000012160003,東京第三検察審査会,トウキョウダイサンケンサツシンサカイ,13101,東京都千代田区霞が関１丁目１－４,2018-04-01T15:00:00.000Z
2000013010001,東京高等裁判所,トウキョウコウトウサイバンショ,13101,東京都千代田区霞が関１丁目１－４,2018-04-01T15:00:00.000Z
9000013030001,東京地方裁判所,トウキョウチホウサイバンショ,13101,東京都千代田区霞が関１丁目１－４,2018-04-01T15:00:00.000Z
5000012160001,東京第一検察審査会,トウキョウダイイチケンサツシンサカイ,13101,東京都千代田区霞が関１丁目１－４,2018-04-01T15:00:00.000Z
1000013020001,知的財産高等裁判所,チテキザイサンコウトウサイバンショ,13101,東京都千代田区霞が関１丁目１－４,2018-04-01T15:00:00.000Z
2000012160004,東京第四検察審査会,トウキョウダイヨンケンサツシンサカイ,13101,東京都千代田区霞が関１丁目１－４,2018-04-01T15:00:00.000Z
5000012080001,農林水産省,ノウリンスイサンショウ,13101,東京都千代田区霞が関１丁目２－１,2018-04-01T15:00:00.000Z
3000012080003,水産庁,スイサンチョウ,13101,東京都千代田区霞が関１丁目２－１,2018-04-01T15:00:00.000Z
4000012080002,林野庁,リンヤチョウ,13101,東京都千代田区霞が関１丁目２－１,2018-04-01T15:00:00.000Z
6000012070001,厚生労働省,コウセイロウドウショウ,13101,東京都千代田区霞が関１丁目２－２,2018-04-01T15:00:00.000Z
1000012110001,環境省,カンキョウショウ,13101,東京都千代田区霞が関１丁目２－２中央合同庁舎第５号館,2018-04-01T15:00:00.000Z
2000012010002,人事院,ジンジイン,13101,東京都千代田区霞が関１丁目２－３,2018-04-01T15:00:00.000Z
1000012090004,中小企業庁,チュウショウキギョウチョウ,13101,東京都千代田区霞が関１丁目３－１,2018-04-01T15:00:00.000Z
3000012090002,資源エネルギー庁,シゲンエネルギーチョウ,13101,東京都千代田区霞が関１丁目３－１,2018-04-01T15:00:00.000Z
4000012090001,経済産業省,ケイザイサンギョウショウ,13101,東京都千代田区霞が関１丁目３－１,2018-04-01T15:00:00.000Z
8000012130001,警察庁,ケイサツチョウ,13101,東京都千代田区霞が関２丁目１－２,2018-04-01T15:00:00.000Z
9000012100003,観光庁,カンコウチョウ,13101,東京都千代田区霞が関２丁目１－２,2019-06-10T15:00:00.000Z
9000012020003,消防庁,ショウボウチョウ,13101,東京都千代田区霞が関２丁目１－２,2018-04-01T15:00:00.000Z
7000012010022,国家公安委員会,コッカコウアンイインカイ,13101,東京都千代田区霞が関２丁目１－２中央合同庁舎第２号館,2018-04-01T15:00:00.000Z
2000012020001,総務省,ソウムショウ,13101,東京都千代田区霞が関２丁目１－２中央合同庁舎第２号館,2018-04-01T15:00:00.000Z
7000012100005,海上保安庁,カイジョウホアンチョウ,13101,東京都千代田区霞が関２丁目１－３,2018-04-01T15:00:00.000Z
2000012100001,国土交通省,コクドコウツウショウ,13101,東京都千代田区霞が関２丁目１－３,2018-04-01T15:00:00.000Z
5000012010032,水循環政策本部,ミズジュンカンセイサクホンブ,13101,東京都千代田区霞が関２丁目１－３合同庁舎３号館２階,2018-04-01T15:00:00.000Z
9000012040001,外務省,ガイムショウ,13101,東京都千代田区霞が関２丁目２－１,2018-04-01T15:00:00.000Z
8000012050001,財務省,ザイムショウ,13101,東京都千代田区霞が関３丁目１－１,2018-04-01T15:00:00.000Z
7000012050002,国税庁,コクゼイチョウ,13101,東京都千代田区霞が関３丁目１－１,2018-04-01T15:00:00.000Z
4000012010017,復興庁,フッコウチョウ,13101,東京都千代田区霞が関３丁目１－１,2018-04-01T15:00:00.000Z
1000012010003,内閣法制局,ナイカクホウセイキョク,13101,東京都千代田区霞が関３丁目１－１中央合同庁舎第４号館,2018-04-01T15:00:00.000Z
5000012010024,消費者庁,ショウヒシャチョウ,13101,東京都千代田区霞が関３丁目１－１中央合同庁舎第４号館,2018-04-01T15:00:00.000Z
1000012020002,公害等調整委員会,コウガイトウチョウセイイインカイ,13101,東京都千代田区霞が関３丁目１－１中央合同庁舎第４号館１０階,2018-04-01T15:00:00.000Z
4000012010025,個人情報保護委員会,コジンジョウホウホゴイインカイ,13101,東京都千代田区霞が関３丁目２－１霞が関コモンゲート西館３２階,2018-04-01T15:00:00.000Z
6000012010023,金融庁,キンユウチョウ,13101,東京都千代田区霞が関３丁目２－１中央合同庁舎第７号館,2018-04-01T15:00:00.000Z
7000012060001,文部科学省,モンブカガクショウ,13101,東京都千代田区霞が関３丁目２－２,2018-04-01T15:00:00.000Z
5000012060003,スポーツ庁,スポーツチョウ,13101,東京都千代田区霞が関３丁目２－２,2018-04-01T15:00:00.000Z
6000012150001,会計検査院,カイケイケンサイン,13101,東京都千代田区霞が関３丁目２－２,2018-04-01T15:00:00.000Z
6000012060002,文化庁,ブンカチョウ,13101,東京都千代田区霞が関３丁目２－２,2018-04-01T15:00:00.000Z
1000012010036,特定複合観光施設区域整備推進本部,トクテイフクゴウカンコウシセツクイキセイビスイシンホンブ,13101,東京都千代田区霞が関３丁目２－５霞が関ビルディング１２階,2018-04-01T15:00:00.000Z
8000012010005,高度情報通信ネットワーク社会推進戦略本部,コウドジョウホウツウシンネットワークシャカイスイシンセンリャクホンブ,13101,東京都千代田区霞が関３丁目３－１尚友会館,2018-04-01T15:00:00.000Z
2000012090003,特許庁,トッキョチョウ,13101,東京都千代田区霞が関３丁目４－３,2018-04-01T15:00:00.000Z
6000012010015,宇宙開発戦略本部,ウチュウカイハツセンリャクホンブ,13101,東京都千代田区霞が関３丁目７－１霞が関東急ビル１６階,2018-04-08T15:00:00.000Z
7000012010014,総合海洋政策本部,ソウゴウカイヨウセイサクホンブ,13101,東京都千代田区霞が関３丁目７－１霞が関東急ビル１６階,2018-04-08T15:00:00.000Z
8000012010038,デジタル庁,デジタルチョウ,13101,東京都千代田区紀尾井町１番３号東京ガーデンテラス紀尾井町,2021-09-01T15:00:00.000Z
9000012010020,宮内庁,クナイチョウ,13101,東京都千代田区千代田１－１,2018-04-01T15:00:00.000Z
3000013000001,最高裁判所,サイコウサイバンショ,13101,東京都千代田区隼町４－２,2018-04-01T15:00:00.000Z
8000012100004,気象庁,キショウチョウ,13103,東京都港区虎ノ門３丁目６－９,2020-12-10T15:00:00.000Z
9000012010037,カジノ管理委員会,カジノカンリイインカイ,13103,東京都港区虎ノ門４丁目３－１城山トラストタワー１３階,2020-01-13T15:00:00.000Z
5000012070002,中央労働委員会,チュウオウロウドウイインカイ,13103,東京都港区芝公園１丁目５－３２,2018-04-01T15:00:00.000Z
9000012110002,原子力規制委員会,ゲンシリョクキセイイインカイ,13103,東京都港区六本木１丁目９－９,2018-04-01T15:00:00.000Z
1000012100002,運輸安全委員会,ウンユアンゼンイインカイ,13104,東京都新宿区四谷１丁目６－１,2020-04-07T15:00:00.000Z
8000012120002,防衛装備庁,ボウエイソウビチョウ,13104,東京都新宿区市谷本村町５－１,2018-04-01T15:00:00.000Z
9000012120001,防衛省,ボウエイショウ,13104,東京都新宿区市谷本村町５－１,2018-04-01T15:00:00.000Z
3000013050005,八王子簡易裁判所,ハチオウジカンイサイバンショ,13201,東京都八王子市明神町４丁目２１－１,2018-04-01T15:00:00.000Z
8000012160007,立川検察審査会,タチカワケンサツシンサカイ,13202,東京都立川市緑町１０－４,2018-04-01T15:00:00.000Z
2000013050006,立川簡易裁判所,タチカワカンイサイバンショ,13202,東京都立川市緑町１０－４,2018-04-01T15:00:00.000Z
1000013050007,武蔵野簡易裁判所,ムサシノカンイサイバンショ,13203,東京都武蔵野市中町２丁目４－１２,2018-04-01T15:00:00.000Z
9000013050008,青梅簡易裁判所,オウメカンイサイバンショ,13205,東京都青梅市師岡町１丁目１３００－１,2018-04-01T15:00:00.000Z
8000013050009,町田簡易裁判所,マチダカンイサイバンショ,13209,東京都町田市森野２丁目２８－１１,2018-04-01T15:00:00.000Z
5000013050003,伊豆大島簡易裁判所,イズオオシマカンイサイバンショ,13361,東京都大島町元町字家の上４４５－１０,2018-04-01T15:00:00.000Z
4000013050004,新島簡易裁判所,ニイジマカンイサイバンショ,13363,東京都新島村本村３丁目２－２,2018-04-01T15:00:00.000Z
6000013050002,八丈島簡易裁判所,ハチジョウジマカンイサイバンショ,13401,東京都八丈島八丈町大賀郷１４８５－１,2018-04-01T15:00:00.000Z
5000013050011,神奈川簡易裁判所,カナガワカンイサイバンショ,14102,神奈川県横浜市神奈川区西神奈川１丁目１１－１,2018-04-01T15:00:00.000Z
7000013040002,横浜家庭裁判所,ヨコハマカテイサイバンショ,14104,神奈川県横浜市中区寿町１丁目２,2018-04-01T15:00:00.000Z
6000012160009,横浜第二検察審査会,ヨコハマダイニケンサツシンサカイ,14104,神奈川県横浜市中区日本大通９,2018-04-01T15:00:00.000Z
7000012160008,横浜第一検察審査会,ヨコハマダイイチケンサツシンサカイ,14104,神奈川県横浜市中区日本大通９,2018-04-01T15:00:00.000Z
4000012160010,横浜第三検察審査会,ヨコハマダイサンケンサツシンサカイ,14104,神奈川県横浜市中区日本大通９,2018-04-01T15:00:00.000Z
5000012140011,横浜地方検察庁,ヨコハマチホウケンサツチョウ,14104,神奈川県横浜市中区日本大通９,2018-04-01T15:00:00.000Z
6000013050010,横浜簡易裁判所,ヨコハマカンイサイバンショ,14104,神奈川県横浜市中区日本大通９,2018-04-01T15:00:00.000Z
8000013030002,横浜地方裁判所,ヨコハマチホウサイバンショ,14104,神奈川県横浜市中区日本大通９,2018-04-01T15:00:00.000Z
4000013050012,保土ケ谷簡易裁判所,ホドガヤカンイサイバンショ,14106,神奈川県横浜市保土ケ谷区岡沢町２３９,2018-04-01T15:00:00.000Z
3000013050013,川崎簡易裁判所,カワサキカンイサイバンショ,14131,神奈川県川崎市川崎区富士見１丁目１－３,2018-04-01T15:00:00.000Z
9000013050016,相模原簡易裁判所,サガミハラカンイサイバンショ,14152,神奈川県相模原市中央区富士見６丁目１０－１,2018-04-01T15:00:00.000Z
8000013050017,横須賀簡易裁判所,ヨコスカカンイサイバンショ,14201,神奈川県横須賀市新港町１－９,2018-04-01T15:00:00.000Z
3000012160011,横須賀検察審査会,ヨコスカケンサツシンサカイ,14201,神奈川県横須賀市新港町１－９,2018-04-01T15:00:00.000Z
7000013050018,平塚簡易裁判所,ヒラツカカンイサイバンショ,14203,神奈川県平塚市見附町４３－９,2018-04-01T15:00:00.000Z
2000013050014,鎌倉簡易裁判所,カマクラカンイサイバンショ,14204,神奈川県鎌倉市由比ガ浜２丁目２３－２２,2018-04-01T15:00:00.000Z
1000013050015,藤沢簡易裁判所,フジサワカンイサイバンショ,14205,神奈川県藤沢市朝日町１－８,2018-04-01T15:00:00.000Z
2000012160012,小田原検察審査会,オダワラケンサツシンサカイ,14206,神奈川県小田原市本町１丁目７－９,2018-04-01T15:00:00.000Z
6000013050019,小田原簡易裁判所,オダワラカンイサイバンショ,14206,神奈川県小田原市本町１丁目７－９,2018-04-01T15:00:00.000Z
4000013050020,厚木簡易裁判所,アツギカンイサイバンショ,14212,神奈川県厚木市寿町３丁目５－３,2018-04-01T15:00:00.000Z
7000013030011,新潟地方裁判所,ニイガタチホウサイバンショ,15103,新潟県新潟市中央区学校町通１番町１,2018-04-01T15:00:00.000Z
7000012160040,新潟検察審査会,ニイガタケンサツシンサカイ,15103,新潟県新潟市中央区学校町通１番町１,2018-04-01T15:00:00.000Z
2000013050096,新潟簡易裁判所,ニイガタカンイサイバンショ,15103,新潟県新潟市中央区学校町通１番町１,2018-04-01T15:00:00.000Z
4000012140020,新潟地方検察庁,ニイガタチホウケンサツチョウ,15103,新潟県新潟市中央区西大畑町５１９１,2018-04-01T15:00:00.000Z
6000013040011,新潟家庭裁判所,ニイガタカテイサイバンショ,15103,新潟県新潟市中央区川岸町１丁目５４－１,2018-04-01T15:00:00.000Z
1000013050097,新津簡易裁判所,ニイツカンイサイバンショ,15105,新潟県新潟市秋葉区新津４５３２－５,2018-04-01T15:00:00.000Z
6000013050101,長岡簡易裁判所,ナガオカカンイサイバンショ,15202,新潟県長岡市三和３丁目９－２８,2018-04-01T15:00:00.000Z
5000012160042,長岡検察審査会,ナガオカケンサツシンサカイ,15202,新潟県長岡市三和３丁目９－２８,2018-04-01T15:00:00.000Z
9000013050098,三条簡易裁判所,サンジョウカンイサイバンショ,15204,新潟県三条市東三条２丁目２－２,2018-04-01T15:00:00.000Z
4000013050103,柏崎簡易裁判所,カシワザキカンイサイバンショ,15205,新潟県柏崎市諏訪町１０－３７,2018-04-01T15:00:00.000Z
8000013050099,新発田簡易裁判所,シバタカンイサイバンショ,15206,新潟県新発田市中央町４丁目３－２７,2018-04-01T15:00:00.000Z
6000012160041,新発田検察審査会,シバタケンサツシンサカイ,15206,新潟県新発田市中央町４丁目３－２７,2018-04-01T15:00:00.000Z
5000013050102,十日町簡易裁判所,トオカマチカンイサイバンショ,15210,新潟県十日町市高田町３丁目南４４２番地,2018-04-01T15:00:00.000Z
7000013050100,村上簡易裁判所,ムラカミカンイサイバンショ,15212,新潟県村上市三之町８－１６,2018-04-01T15:00:00.000Z
1000013050106,糸魚川簡易裁判所,イトイガワカンイサイバンショ,15216,新潟県糸魚川市寺町２丁目８－２３,2018-04-01T15:00:00.000Z
2000013050105,高田簡易裁判所,タカダカンイサイバンショ,15222,新潟県上越市大手町１－２６,2018-04-01T15:00:00.000Z
4000012160043,高田検察審査会,タカダケンサツシンサカイ,15222,新潟県上越市大手町１－２６,2018-04-01T15:00:00.000Z
3000012160044,佐渡検察審査会,サドケンサツシンサカイ,15224,新潟県佐渡市中原３５６－２,2018-04-01T15:00:00.000Z
9000013050107,佐渡簡易裁判所,サドカンイサイバンショ,15224,新潟県佐渡市中原３５６－２,2018-04-01T15:00:00.000Z
3000013050104,南魚沼簡易裁判所,ミナミウオヌマカンイサイバンショ,15226,新潟県南魚沼市六日町１８８４－子,2018-04-01T15:00:00.000Z
3000013050203,富山簡易裁判所,トヤマカンイサイバンショ,16201,富山県富山市西田地方町２丁目９－１,2018-04-01T15:00:00.000Z
3000013030023,富山地方裁判所,トヤマチホウサイバンショ,16201,富山県富山市西田地方町２丁目９－１,2018-04-01T15:00:00.000Z
5000012160083,富山検察審査会,トヤマケンサツシンサカイ,16201,富山県富山市西田地方町２丁目９－１,2018-04-01T15:00:00.000Z
2000013040023,富山家庭裁判所,トヤマカテイサイバンショ,16201,富山県富山市西田地方町２丁目９－１,2018-04-01T15:00:00.000Z
9000012140032,富山地方検察庁,トヤマチホウケンサツチョウ,16201,富山県富山市西田地方町２丁目９－１６,2018-04-01T15:00:00.000Z
1000013050205,高岡簡易裁判所,タカオカカンイサイバンショ,16202,富山県高岡市中川本町１０－６,2018-04-01T15:00:00.000Z
4000012160084,高岡検察審査会,タカオカケンサツシンサカイ,16202,富山県高岡市中川本町１０－６,2018-04-01T15:00:00.000Z
2000013050204,魚津簡易裁判所,ウオヅカンイサイバンショ,16204,富山県魚津市本町１丁目１０－６０,2018-04-01T15:00:00.000Z
9000013050206,砺波簡易裁判所,トナミカンイサイバンショ,16208,富山県砺波市広上町８－２４,2018-04-01T15:00:00.000Z
3000013040022,金沢家庭裁判所,カナザワカテイサイバンショ,17201,石川県金沢市丸の内７－１,2018-04-01T15:00:00.000Z
8000013050198,金沢簡易裁判所,カナザワカンイサイバンショ,17201,石川県金沢市丸の内７－１,2018-04-01T15:00:00.000Z
7000012160081,金沢検察審査会,カナザワケンサツシンサカイ,17201,石川県金沢市丸の内７－１,2018-04-01T15:00:00.000Z
4000013030022,金沢地方裁判所,カナザワチホウサイバンショ,17201,石川県金沢市丸の内７－１,2018-04-01T15:00:00.000Z
1000012140031,金沢地方検察庁,カナザワチホウケンサツチョウ,17201,石川県金沢市大手町６－１５,2018-04-01T15:00:00.000Z
6000013050200,七尾簡易裁判所,ナナオカンイサイバンショ,17202,石川県七尾市馬出町ハ部１－２,2018-04-01T15:00:00.000Z
6000012160082,七尾検察審査会,ナナオケンサツシンサカイ,17202,石川県七尾市馬出町ハ部１－２,2018-04-01T15:00:00.000Z
7000013050199,小松簡易裁判所,コマツカンイサイバンショ,17203,石川県小松市小馬出町１１,2018-04-01T15:00:00.000Z
5000013050201,輪島簡易裁判所,ワジマカンイサイバンショ,17204,石川県輪島市河井町１５部４９－２,2018-04-01T15:00:00.000Z
4000013050202,珠洲簡易裁判所,スズカンイサイバンショ,17205,石川県珠洲市上戸町北方い４６－３,2018-04-01T15:00:00.000Z
4000013050193,福井簡易裁判所,フクイカンイサイバンショ,18201,福井県福井市春山１丁目１－１,2018-04-01T15:00:00.000Z
8000012160080,福井検察審査会,フクイケンサツシンサカイ,18201,福井県福井市春山１丁目１－１,2018-04-01T15:00:00.000Z
4000013040021,福井家庭裁判所,フクイカテイサイバンショ,18201,福井県福井市春山１丁目１－１,2018-04-01T15:00:00.000Z
5000013030021,福井地方裁判所,フクイチホウサイバンショ,18201,福井県福井市春山１丁目１－１,2018-04-01T15:00:00.000Z
2000012140030,福井地方検察庁,フクイチホウケンサツチョウ,18201,福井県福井市春山１丁目１－５４,2018-04-01T15:00:00.000Z
1000013050196,敦賀簡易裁判所,ツルガカンイサイバンショ,18202,福井県敦賀市松栄町６－１０,2018-04-01T15:00:00.000Z
9000013050197,小浜簡易裁判所,オバマカンイサイバンショ,18204,福井県小浜市城内１丁目１－２,2018-04-01T15:00:00.000Z
2000013050195,大野簡易裁判所,オオノカンイサイバンショ,18205,福井県大野市弥生町１－１１,2020-07-07T15:00:00.000Z
3000013050194,武生簡易裁判所,タケフカンイサイバンショ,18209,福井県越前市日野美２丁目６,2018-04-01T15:00:00.000Z
9000013040009,甲府家庭裁判所,コウフカテイサイバンショ,19201,山梨県甲府市中央１丁目１０－７,2018-04-01T15:00:00.000Z
4000012160035,甲府検察審査会,コウフケンサツシンサカイ,19201,山梨県甲府市中央１丁目１０－７,2018-04-01T15:00:00.000Z
1000013030009,甲府地方裁判所,コウフチホウサイバンショ,19201,山梨県甲府市中央１丁目１０－７,2018-04-01T15:00:00.000Z
9000013050081,甲府簡易裁判所,コウフカンイサイバンショ,19201,山梨県甲府市中央１丁目１０－７,2018-04-01T15:00:00.000Z
7000012140018,甲府地方検察庁,コウフチホウケンサツチョウ,19201,山梨県甲府市中央１丁目１１－８,2018-04-01T15:00:00.000Z
6000013050084,富士吉田簡易裁判所,フジヨシダカンイサイバンショ,19202,山梨県富士吉田市旭１丁目１－１,2018-04-01T15:00:00.000Z
7000013050083,都留簡易裁判所,ツルカンイサイバンショ,19204,山梨県都留市中央２丁目１－１,2018-04-01T15:00:00.000Z
8000013050082,鰍沢簡易裁判所,カジカザワカンイサイバンショ,19368,山梨県南巨摩郡富士川町鰍沢７３０２,2018-04-01T15:00:00.000Z
3000012160036,長野検察審査会,ナガノケンサツシンサカイ,20201,長野県長野市旭町１１０８,2018-04-01T15:00:00.000Z
8000013030010,長野地方裁判所,ナガノチホウサイバンショ,20201,長野県長野市旭町１１０８,2018-04-01T15:00:00.000Z
7000013040010,長野家庭裁判所,ナガノカテイサイバンショ,20201,長野県長野市旭町１１０８,2018-04-01T15:00:00.000Z
5000013050085,長野簡易裁判所,ナガノカンイサイバンショ,20201,長野県長野市旭町１１０８,2018-04-01T15:00:00.000Z
6000012140019,長野地方検察庁,ナガノチホウケンサツチョウ,20201,長野県長野市大字長野旭町１１０８,2018-04-01T15:00:00.000Z
1000012160038,松本検察審査会,マツモトケンサツシンサカイ,20202,長野県松本市丸の内１０－３５,2018-04-01T15:00:00.000Z
1000013050089,松本簡易裁判所,マツモトカンイサイバンショ,20202,長野県松本市丸の内１０－３５,2018-04-01T15:00:00.000Z
2000012160037,上田検察審査会,ウエダケンサツシンサカイ,20203,長野県上田市中央西２丁目３－３,2018-04-01T15:00:00.000Z
3000013050087,上田簡易裁判所,ウエダカンイサイバンショ,20203,長野県上田市中央西２丁目３－３,2018-04-01T15:00:00.000Z
5000013050093,岡谷簡易裁判所,オカヤカンイサイバンショ,20204,長野県岡谷市本町１丁目９－１２,2018-04-01T15:00:00.000Z
4000013050094,飯田簡易裁判所,イイダカンイサイバンショ,20205,長野県飯田市江戸町１丁目２１,2018-04-01T15:00:00.000Z
9000012160039,飯田検察審査会,イイダケンサツシンサカイ,20205,長野県飯田市江戸町１丁目２１,2018-04-01T15:00:00.000Z
6000013050092,諏訪簡易裁判所,スワカンイサイバンショ,20206,長野県諏訪市諏訪１丁目２４－２２,2018-04-01T15:00:00.000Z
3000013050095,伊那簡易裁判所,イナカンイサイバンショ,20209,長野県伊那市西町４８４１,2018-04-01T15:00:00.000Z
7000013050091,大町簡易裁判所,オオマチカンイサイバンショ,20212,長野県大町市大町４２２２－１,2018-04-01T15:00:00.000Z
4000013050086,飯山簡易裁判所,イイヤマカンイサイバンショ,20213,長野県飯山市大字飯山１１２３,2018-04-01T15:00:00.000Z
2000013050088,佐久簡易裁判所,サクカンイサイバンショ,20217,長野県佐久市岩村田１１６１,2018-04-01T15:00:00.000Z
8000013050090,木曾福島簡易裁判所,キソフクシマカンイサイバンショ,20432,長野県木曽郡木曽町福島６２０５－１３,2018-04-01T15:00:00.000Z
5000013040020,岐阜家庭裁判所,ギフカテイサイバンショ,21201,岐阜県岐阜市美江寺町２丁目４－１,2018-04-01T15:00:00.000Z
3000012160077,岐阜検察審査会,ギフケンサツシンサカイ,21201,岐阜県岐阜市美江寺町２丁目４－１,2018-04-01T15:00:00.000Z
6000013030020,岐阜地方裁判所,ギフチホウサイバンショ,21201,岐阜県岐阜市美江寺町２丁目４－１,2018-04-01T15:00:00.000Z
3000013050186,岐阜簡易裁判所,ギフカンイサイバンショ,21201,岐阜県岐阜市美江寺町２丁目４－１,2018-04-01T15:00:00.000Z
4000012140029,岐阜地方検察庁,ギフチホウケンサツチョウ,21201,岐阜県岐阜市美江寺町２丁目８,2018-04-01T15:00:00.000Z
2000012160078,大垣検察審査会,オオガキケンサツシンサカイ,21202,岐阜県大垣市丸の内１丁目２２,2018-04-01T15:00:00.000Z
1000013050188,大垣簡易裁判所,オオガキカンイサイバンショ,21202,岐阜県大垣市丸の内１丁目２２,2018-04-01T15:00:00.000Z
5000013050192,高山簡易裁判所,タカヤマカンイサイバンショ,21203,岐阜県高山市花岡町２丁目６３－３,2018-04-01T15:00:00.000Z
1000012160079,多治見検察審査会,タジミケンサツシンサカイ,21204,岐阜県多治見市小田町１丁目２２－１,2018-04-01T15:00:00.000Z
7000013050190,多治見簡易裁判所,タジミカンイサイバンショ,21204,岐阜県多治見市小田町１丁目２２－１,2018-04-01T15:00:00.000Z
6000013050191,中津川簡易裁判所,ナカツガワカンイサイバンショ,21206,岐阜県中津川市かやの木町４－２,2018-04-01T15:00:00.000Z
2000013050187,郡上簡易裁判所,グジョウカンイサイバンショ,21219,岐阜県郡上市八幡町殿町６３－２,2018-04-01T15:00:00.000Z
9000013050189,御嵩簡易裁判所,ミタケカンイサイバンショ,21521,岐阜県可児郡御嵩町御嵩１１７７,2018-04-01T15:00:00.000Z
1000013040008,静岡家庭裁判所,シズオカカテイサイバンショ,22101,静岡県静岡市葵区城内町１－２０,2018-04-01T15:00:00.000Z
2000013030008,静岡地方裁判所,シズオカチホウサイバンショ,22101,静岡県静岡市葵区追手町１０－８０,2018-04-01T15:00:00.000Z
7000012160032,静岡検察審査会,シズオカケンサツシンサカイ,22101,静岡県静岡市葵区追手町１０－８０,2018-04-01T15:00:00.000Z
2000013050071,静岡簡易裁判所,シズオカカンイサイバンショ,22101,静岡県静岡市葵区追手町１０－８０,2018-04-01T15:00:00.000Z
8000012140017,静岡地方検察庁,シズオカチホウケンサツチョウ,22101,静岡県静岡市葵区追手町９－４５,2018-04-01T15:00:00.000Z
1000013050072,清水簡易裁判所,シミズカンイサイバンショ,22103,静岡県静岡市清水区天神１丁目６－１５,2018-04-01T15:00:00.000Z
1000013050080,浜松簡易裁判所,ハママツカンイサイバンショ,22131,静岡県浜松市中区中央１丁目１２－５,2018-04-01T15:00:00.000Z
5000012160034,浜松検察審査会,ハママツケンサツシンサカイ,22131,静岡県浜松市中区中央１丁目１２－５,2018-04-01T15:00:00.000Z
6000012160033,沼津検察審査会,ヌマヅケンサツシンサカイ,22203,静岡県沼津市御幸町２１－１,2018-04-01T15:00:00.000Z
7000013050075,沼津簡易裁判所,ヌマヅカンイサイバンショ,22203,静岡県沼津市御幸町２１－１,2018-04-01T15:00:00.000Z
9000013050073,熱海簡易裁判所,アタミカンイサイバンショ,22205,静岡県熱海市春日町３－１４,2018-04-01T15:00:00.000Z
8000013050074,三島簡易裁判所,ミシマカンイサイバンショ,22206,静岡県三島市文教町１丁目３－１,2018-04-01T15:00:00.000Z
4000013050078,島田簡易裁判所,シマダカンイサイバンショ,22209,静岡県島田市中溝４丁目１１－１０,2018-04-01T15:00:00.000Z
5000013050077,富士簡易裁判所,フジカンイサイバンショ,22210,静岡県富士市中央町２丁目７－１,2018-04-01T15:00:00.000Z
3000013050079,掛川簡易裁判所,カケガワカンイサイバンショ,22213,静岡県掛川市亀の甲２丁目１６－１,2018-04-01T15:00:00.000Z
6000013050076,下田簡易裁判所,シモダカンイサイバンショ,22219,静岡県下田市四丁目７－３４,2018-04-01T15:00:00.000Z
9000013030018,名古屋地方裁判所,ナゴヤチホウサイバンショ,23106,愛知県名古屋市中区三の丸１丁目４－１,2018-04-01T15:00:00.000Z
9000013010003,名古屋高等裁判所,ナゴヤコウトウサイバンショ,23106,愛知県名古屋市中区三の丸１丁目４－１,2018-04-01T15:00:00.000Z
8000013050165,名古屋簡易裁判所,ナゴヤカンイサイバンショ,23106,愛知県名古屋市中区三の丸１丁目７－１,2018-04-01T15:00:00.000Z
8000013040018,名古屋家庭裁判所,ナゴヤカテイサイバンショ,23106,愛知県名古屋市中区三の丸１丁目７－１,2018-04-01T15:00:00.000Z
4000012160068,名古屋第二検察審査会,ナゴヤダイニケンサツシンサカイ,23106,愛知県名古屋市中区三の丸１丁目７－５,2018-04-01T15:00:00.000Z
5000012160067,名古屋第一検察審査会,ナゴヤダイイチケンサツシンサカイ,23106,愛知県名古屋市中区三の丸１丁目７－５,2018-04-01T15:00:00.000Z
6000012140027,名古屋地方検察庁,ナゴヤチホウケンサツチョウ,23106,愛知県名古屋市中区三の丸４丁目３－１,2018-04-01T15:00:00.000Z
4000012140004,名古屋高等検察庁,ナゴヤコウトウケンサツチョウ,23106,愛知県名古屋市中区三の丸４丁目３－１,2018-04-01T15:00:00.000Z
8000012160072,豊橋検察審査会,トヨハシケンサツシンサカイ,23201,愛知県豊橋市大国町１１０,2018-04-01T15:00:00.000Z
6000013050175,豊橋簡易裁判所,トヨハシカンイサイバンショ,23201,愛知県豊橋市大国町１１０,2018-04-01T15:00:00.000Z
9000013050172,岡崎簡易裁判所,オカザキカンイサイバンショ,23202,愛知県岡崎市明大寺町字奈良井３,2018-04-01T15:00:00.000Z
9000012160071,岡崎検察審査会,オカザキケンサツシンサカイ,23202,愛知県岡崎市明大寺町字奈良井３,2018-04-01T15:00:00.000Z
3000012160069,一宮検察審査会,イチノミヤケンサツシンサカイ,23203,愛知県一宮市公園通４丁目１７,2018-04-01T15:00:00.000Z
4000013050169,一宮簡易裁判所,イチノミヤカンイサイバンショ,23203,愛知県一宮市公園通４丁目１７,2018-04-01T15:00:00.000Z
6000013050167,瀬戸簡易裁判所,セトカンイサイバンショ,23204,愛知県瀬戸市陶原町５丁目７３,2018-04-01T15:00:00.000Z
1000012160070,半田検察審査会,ハンダケンサツシンサカイ,23205,愛知県半田市宮路町２００－２,2018-04-01T15:00:00.000Z
1000013050171,半田簡易裁判所,ハンダカンイサイバンショ,23205,愛知県半田市宮路町２００－２,2018-04-01T15:00:00.000Z
7000013050166,春日井簡易裁判所,カスガイカンイサイバンショ,23206,愛知県春日井市八幡町１－１,2018-04-01T15:00:00.000Z
5000013050168,津島簡易裁判所,ツシマカンイサイバンショ,23208,愛知県津島市西柳原町３丁目１１,2018-04-01T15:00:00.000Z
7000013050174,豊田簡易裁判所,トヨタカンイサイバンショ,23211,愛知県豊田市十塚町１丁目２５－１,2018-04-01T15:00:00.000Z
8000013050173,安城簡易裁判所,アンジョウカンイサイバンショ,23212,愛知県安城市横山町毛賀知２４－２,2018-04-01T15:00:00.000Z
2000013050170,犬山簡易裁判所,イヌヤマカンイサイバンショ,23215,愛知県犬山市松本町２丁目１２,2018-04-01T15:00:00.000Z
5000013050176,新城簡易裁判所,シンシロカンイサイバンショ,23221,愛知県新城市字北畑４０－２,2018-04-01T15:00:00.000Z
7000012160073,津検察審査会,ツケンサツシンサカイ,24201,三重県津市中央３－１,2018-04-01T15:00:00.000Z
8000013030019,津地方裁判所,ツチホウサイバンショ,24201,三重県津市中央３－１,2018-04-01T15:00:00.000Z
4000013050177,津簡易裁判所,ツカンイサイバンショ,24201,三重県津市中央３－１,2018-04-01T15:00:00.000Z
7000013040019,津家庭裁判所,ツカテイサイバンショ,24201,三重県津市中央３－１,2018-04-01T15:00:00.000Z
5000012140028,津地方検察庁,ツチホウケンサツチョウ,24201,三重県津市中央３－１２,2018-04-01T15:00:00.000Z
5000012160075,四日市検察審査会,ヨッカイチケンサツシンサカイ,24202,三重県四日市市三栄町１－２２,2018-04-01T15:00:00.000Z
8000013050181,四日市簡易裁判所,ヨッカイチカンイサイバンショ,24202,三重県四日市市三栄町１－２２,2018-04-01T15:00:00.000Z
6000013050183,伊勢簡易裁判所,イセカンイサイバンショ,24203,三重県伊勢市岡本１丁目２－６,2018-04-01T15:00:00.000Z
4000012160076,伊勢検察審査会,イセケンサツシンサカイ,24203,三重県伊勢市岡本１丁目２－６,2018-04-01T15:00:00.000Z
2000013050179,松阪簡易裁判所,マツサカカンイサイバンショ,24204,三重県松阪市中央町３６－１,2018-04-01T15:00:00.000Z
7000013050182,桑名簡易裁判所,クワナカンイサイバンショ,24205,三重県桑名市吉之丸１２,2018-04-01T15:00:00.000Z
3000013050178,鈴鹿簡易裁判所,スズカカンイサイバンショ,24207,三重県鈴鹿市神戸３丁目２５－３,2018-04-01T15:00:00.000Z
4000013050185,尾鷲簡易裁判所,オワセカンイサイバンショ,24209,三重県尾鷲市中央町６－２３,2018-04-01T15:00:00.000Z
5000013050184,熊野簡易裁判所,クマノカンイサイバンショ,24212,三重県熊野市井戸町７８４,2018-04-01T15:00:00.000Z
9000013050180,伊賀簡易裁判所,イガカンイサイバンショ,24216,三重県伊賀市上野丸之内１３０－１,2018-04-01T15:00:00.000Z
6000012160074,伊賀検察審査会,イガケンサツシンサカイ,24216,三重県伊賀市上野丸之内１３０－１,2018-04-01T15:00:00.000Z
8000012140025,大津地方検察庁,オオツチホウケンサツチョウ,25201,滋賀県大津市京町３丁目１－１,2018-04-01T15:00:00.000Z
1000012160062,大津検察審査会,オオツケンサツシンサカイ,25201,滋賀県大津市京町３丁目１－２,2018-04-01T15:00:00.000Z
1000013040016,大津家庭裁判所,オオツカテイサイバンショ,25201,滋賀県大津市京町３丁目１－２,2018-04-01T15:00:00.000Z
5000013050151,大津簡易裁判所,オオツカンイサイバンショ,25201,滋賀県大津市京町３丁目１－２,2018-04-01T15:00:00.000Z
2000013030016,大津地方裁判所,オオツチホウサイバンショ,25201,滋賀県大津市京町３丁目１－２,2018-04-01T15:00:00.000Z
9000012160063,彦根検察審査会,ヒコネケンサツシンサカイ,25202,滋賀県彦根市金亀町５－５０,2018-04-01T15:00:00.000Z
2000013050154,彦根簡易裁判所,ヒコネカンイサイバンショ,25202,滋賀県彦根市金亀町５－５０,2018-04-01T15:00:00.000Z
9000013050156,長浜簡易裁判所,ナガハマカンイサイバンショ,25203,滋賀県長浜市南呉服町６－２２,2018-04-01T15:00:00.000Z
8000012160064,長浜検察審査会,ナガハマケンサツシンサカイ,25203,滋賀県長浜市南呉服町６－２２,2018-04-01T15:00:00.000Z
3000013050153,甲賀簡易裁判所,コウカカンイサイバンショ,25209,滋賀県甲賀市水口町水口５６７５－１,2018-04-01T15:00:00.000Z
4000013050152,高島簡易裁判所,タカシマカンイサイバンショ,25212,滋賀県高島市今津町住吉１丁目３－８,2018-04-01T15:00:00.000Z
1000013050155,東近江簡易裁判所,ヒガシオウミカンイサイバンショ,25213,滋賀県東近江市八日市緑町８－１６,2018-04-01T15:00:00.000Z
2000012140022,京都地方検察庁,キョウトチホウケンサツチョウ,26102,京都府京都市上京区新町通下長者町下る両御霊町８２,2018-04-01T15:00:00.000Z
4000013040013,京都家庭裁判所,キョウトカテイサイバンショ,26103,京都府京都市左京区下鴨宮河町１,2018-04-01T15:00:00.000Z
3000013050120,京都簡易裁判所,キョウトカンイサイバンショ,26104,京都府京都市中京区菊屋町,2018-04-01T15:00:00.000Z
3000012160052,京都第二検察審査会,キョウトダイニケンサツシンサカイ,26104,京都府京都市中京区菊屋町,2018-04-01T15:00:00.000Z
5000013030013,京都地方裁判所,キョウトチホウサイバンショ,26104,京都府京都市中京区菊屋町,2018-04-01T15:00:00.000Z
4000012160051,京都第一検察審査会,キョウトダイイチケンサツシンサカイ,26104,京都府京都市中京区菊屋町,2018-04-01T15:00:00.000Z
1000013050122,右京簡易裁判所,ウキョウカンイサイバンショ,26108,京都府京都市右京区太秦蜂岡町２９,2018-04-01T15:00:00.000Z
2000013050121,伏見簡易裁判所,フシミカンイサイバンショ,26109,京都府京都市伏見区桃山町泰長老,2018-04-01T15:00:00.000Z
9000013050131,福知山簡易裁判所,フクチヤマカンイサイバンショ,26201,京都府福知山市字内記９,2018-04-01T15:00:00.000Z
1000012160054,舞鶴検察審査会,マイヅルケンサツシンサカイ,26202,京都府舞鶴市字南田辺小字南裏町１４９,2018-04-01T15:00:00.000Z
1000013050130,舞鶴簡易裁判所,マイヅルカンイサイバンショ,26202,京都府舞鶴市字南田辺小字南裏町１４９,2018-04-01T15:00:00.000Z
7000013050125,宇治簡易裁判所,ウジカンイサイバンショ,26204,京都府宇治市宇治琵琶３３－３,2018-04-01T15:00:00.000Z
4000013050128,宮津簡易裁判所,ミヤヅカンイサイバンショ,26205,京都府宮津市字島崎２０４３－１,2018-04-01T15:00:00.000Z
2000012160053,宮津検察審査会,ミヤヅケンサツシンサカイ,26205,京都府宮津市字島崎２０４３－１,2018-04-01T15:00:00.000Z
5000013050127,亀岡簡易裁判所,カメオカカンイサイバンショ,26206,京都府亀岡市安町野々神３１－１０,2018-04-01T15:00:00.000Z
9000013050123,向日町簡易裁判所,ムコウマチカンイサイバンショ,26208,京都府向日市鶏冠井町西金村５－２,2018-04-01T15:00:00.000Z
3000013050129,京丹後簡易裁判所,キョウタンゴカンイサイバンショ,26212,京都府京丹後市峰山町杉谷２８８－２,2018-04-01T15:00:00.000Z
6000013050126,園部簡易裁判所,ソノベカンイサイバンショ,26213,京都府南丹市園部町小桜町３０,2018-04-01T15:00:00.000Z
8000013050124,木津簡易裁判所,キヅカンイサイバンショ,26214,京都府木津川市木津南垣外１１０,2018-04-01T15:00:00.000Z
3000012140021,大阪地方検察庁,オオサカチホウケンサツチョウ,27103,大阪府大阪市福島区福島１丁目１－６０,2018-04-01T15:00:00.000Z
5000012140003,大阪高等検察庁,オオサカコウトウケンサツチョウ,27103,大阪府大阪市福島区福島１丁目１－６０,2018-04-01T15:00:00.000Z
1000013010002,大阪高等裁判所,オオサカコウトウサイバンショ,27127,大阪府大阪市北区西天満２丁目１－１０,2018-04-01T15:00:00.000Z
8000013050108,大阪簡易裁判所,オオサカカンイサイバンショ,27127,大阪府大阪市北区西天満２丁目１－１０,2018-04-01T15:00:00.000Z
6000013030012,大阪地方裁判所,オオサカチホウサイバンショ,27127,大阪府大阪市北区西天満２丁目１－１０,2018-04-01T15:00:00.000Z
8000012160048,大阪第四検察審査会,オオサカダイヨンケンサツシンサカイ,27127,大阪府大阪市北区西天満２丁目１－１０,2018-04-01T15:00:00.000Z
2000012160045,大阪第一検察審査会,オオサカダイイチケンサツシンサカイ,27127,大阪府大阪市北区西天満２丁目１－１０,2018-04-01T15:00:00.000Z
1000012160046,大阪第二検察審査会,オオサカダイニケンサツシンサカイ,27127,大阪府大阪市北区西天満２丁目１－１０,2018-04-01T15:00:00.000Z
9000012160047,大阪第三検察審査会,オオサカダイサンケンサツシンサカイ,27127,大阪府大阪市北区西天満２丁目１－１０,2018-04-01T15:00:00.000Z
5000013040012,大阪家庭裁判所,オオサカカテイサイバンショ,27128,大阪府大阪市中央区大手前４丁目１－１３,2018-04-01T15:00:00.000Z
9000013050115,堺簡易裁判所,サカイカンイサイバンショ,27141,大阪府堺市堺区南瓦町２－２８,2018-04-01T15:00:00.000Z
7000012160049,堺検察審査会,サカイケンサツシンサカイ,27141,大阪府堺市堺区南瓦町２－２８,2018-04-01T15:00:00.000Z
5000012160050,岸和田検察審査会,キシワダケンサツシンサカイ,27202,大阪府岸和田市加守町４丁目２７－２,2018-04-01T15:00:00.000Z
6000013050118,岸和田簡易裁判所,キシワダカンイサイバンショ,27202,大阪府岸和田市加守町４丁目２７－２,2018-04-01T15:00:00.000Z
5000013050110,豊中簡易裁判所,トヨナカカンイサイバンショ,27203,大阪府豊中市中桜塚３丁目１１－２,2018-04-01T15:00:00.000Z
7000013050109,大阪池田簡易裁判所,オオサカイケダカンイサイバンショ,27204,大阪府池田市満寿美町８－７,2018-04-01T15:00:00.000Z
4000013050111,吹田簡易裁判所,スイタカンイサイバンショ,27205,大阪府吹田市寿町１丁目５－５,2018-04-01T15:00:00.000Z
1000013050114,枚方簡易裁判所,ヒラカタカンイサイバンショ,27210,大阪府枚方市大垣内町２丁目９－３７,2018-04-01T15:00:00.000Z
3000013050112,茨木簡易裁判所,イバラキカンイサイバンショ,27211,大阪府茨木市駅前４丁目４－１８,2018-04-01T15:00:00.000Z
5000013050119,佐野簡易裁判所,サノカンイサイバンショ,27213,大阪府泉佐野市上町１丁目４－５,2018-04-01T15:00:00.000Z
8000013050116,富田林簡易裁判所,トンダバヤシカンイサイバンショ,27214,大阪府富田林市谷川町２－２２,2018-04-01T15:00:00.000Z
7000013050117,羽曳野簡易裁判所,ハビキノカンイサイバンショ,27222,大阪府羽曳野市誉田３丁目１５－１１,2018-04-01T15:00:00.000Z
2000013050113,東大阪簡易裁判所,ヒガシオオサカカンイサイバンショ,27227,大阪府東大阪市高井田元町２丁目８－１２,2018-04-01T15:00:00.000Z
3000013040014,神戸家庭裁判所,コウベカテイサイバンショ,28105,兵庫県神戸市兵庫区荒田町３丁目４６－１,2018-04-01T15:00:00.000Z
1000012140023,神戸地方検察庁,コウベチホウケンサツチョウ,28110,兵庫県神戸市中央区橘通１丁目４－１,2018-04-01T15:00:00.000Z
4000013030014,神戸地方裁判所,コウベチホウサイバンショ,28110,兵庫県神戸市中央区橘通２丁目２－１,2018-04-01T15:00:00.000Z
9000012160055,神戸第一検察審査会,コウベダイイチケンサツシンサカイ,28110,兵庫県神戸市中央区橘通２丁目２－１,2018-04-01T15:00:00.000Z
8000013050132,神戸簡易裁判所,コウベカンイサイバンショ,28110,兵庫県神戸市中央区橘通２丁目２－１,2018-04-01T15:00:00.000Z
8000012160056,神戸第二検察審査会,コウベダイニケンサツシンサカイ,28110,兵庫県神戸市中央区橘通２丁目２－１,2018-04-01T15:00:00.000Z
6000012160058,姫路検察審査会,ヒメジケンサツシンサカイ,28201,兵庫県姫路市北条１丁目２５０,2018-04-01T15:00:00.000Z
1000013050139,姫路簡易裁判所,ヒメジカンイサイバンショ,28201,兵庫県姫路市北条１丁目２５０,2018-04-01T15:00:00.000Z
5000013050135,尼崎簡易裁判所,アマガサキカンイサイバンショ,28202,兵庫県尼崎市水堂町３丁目２－３４,2018-04-01T15:00:00.000Z
4000013050136,明石簡易裁判所,アカシカンイサイバンショ,28203,兵庫県明石市天文町２丁目２－１８,2018-04-01T15:00:00.000Z
7000013050133,西宮簡易裁判所,ニシノミヤカンイサイバンショ,28204,兵庫県西宮市六湛寺町８－９,2018-04-01T15:00:00.000Z
3000013050145,洲本簡易裁判所,スモトカンイサイバンショ,28205,兵庫県洲本市山手１丁目１－１８,2018-04-01T15:00:00.000Z
7000012160057,伊丹検察審査会,イタミケンサツシンサカイ,28207,兵庫県伊丹市千僧１丁目４７－１,2018-04-01T15:00:00.000Z
6000013050134,伊丹簡易裁判所,イタミカンイサイバンショ,28207,兵庫県伊丹市千僧１丁目４７－１,2018-04-01T15:00:00.000Z
5000012160059,豊岡検察審査会,トヨオカケンサツシンサカイ,28209,兵庫県豊岡市京町１２－８１,2018-04-01T15:00:00.000Z
5000013050143,豊岡簡易裁判所,トヨオカカンイサイバンショ,28209,兵庫県豊岡市京町１２－８１,2018-04-01T15:00:00.000Z
8000013050140,加古川簡易裁判所,カコガワカンイサイバンショ,28210,兵庫県加古川市加古川町粟津７５９,2018-04-01T15:00:00.000Z
3000013050137,篠山簡易裁判所,ササヤマカンイサイバンショ,28221,兵庫県丹波篠山市黒岡９２,2019-05-23T15:00:00.000Z
2000013050138,柏原簡易裁判所,カイバラカンイサイバンショ,28223,兵庫県丹波市柏原町柏原４３９,2018-04-01T15:00:00.000Z
7000013050141,社簡易裁判所,ヤシロカンイサイバンショ,28228,兵庫県加東市社４９０－２,2018-04-01T15:00:00.000Z
6000013050142,龍野簡易裁判所,タツノカンイサイバンショ,28229,兵庫県たつの市龍野町上霞城１３１,2018-04-01T15:00:00.000Z
4000013050144,浜坂簡易裁判所,ハマサカカンイサイバンショ,28586,兵庫県美方郡新温泉町芦屋６－１,2018-04-01T15:00:00.000Z
9000012140024,奈良地方検察庁,ナラチホウケンサツチョウ,29201,奈良県奈良市登大路町１－１,2018-04-01T15:00:00.000Z
3000012160060,奈良検察審査会,ナラケンサツシンサカイ,29201,奈良県奈良市登大路町３５,2018-04-01T15:00:00.000Z
2000013050146,奈良簡易裁判所,ナラカンイサイバンショ,29201,奈良県奈良市登大路町３５,2018-04-01T15:00:00.000Z
3000013030015,奈良地方裁判所,ナラチホウサイバンショ,29201,奈良県奈良市登大路町３５,2018-04-01T15:00:00.000Z
2000013040015,奈良家庭裁判所,ナラカテイサイバンショ,29201,奈良県奈良市登大路町３５,2018-04-01T15:00:00.000Z
2000012160061,葛城検察審査会,カツラギケンサツシンサカイ,29202,奈良県大和高田市大字大中１０１－４,2018-04-01T15:00:00.000Z
1000013050147,葛城簡易裁判所,カツラギカンイサイバンショ,29202,奈良県大和高田市大字大中１０１－４,2018-04-01T15:00:00.000Z
8000013050149,五條簡易裁判所,ゴジョウカンイサイバンショ,29207,奈良県五條市新町３丁目３－１,2018-04-01T15:00:00.000Z
9000013050148,宇陀簡易裁判所,ウダカンイサイバンショ,29212,奈良県宇陀市大宇陀下茶２１２６,2018-04-01T15:00:00.000Z
6000013050150,吉野簡易裁判所,ヨシノカンイサイバンショ,29442,奈良県吉野郡大淀町大字下渕３５０－１,2018-04-01T15:00:00.000Z
7000012160065,和歌山検察審査会,ワカヤマケンサツシンサカイ,30201,和歌山県和歌山市二番丁１,2018-04-01T15:00:00.000Z
9000013040017,和歌山家庭裁判所,ワカヤマカテイサイバンショ,30201,和歌山県和歌山市二番丁１,2018-04-01T15:00:00.000Z
1000013030017,和歌山地方裁判所,ワカヤマチホウサイバンショ,30201,和歌山県和歌山市二番丁１,2018-04-01T15:00:00.000Z
8000013050157,和歌山簡易裁判所,ワカヤマカンイサイバンショ,30201,和歌山県和歌山市二番丁１,2018-04-01T15:00:00.000Z
7000012140026,和歌山地方検察庁,ワカヤマチホウケンサツチョウ,30201,和歌山県和歌山市二番丁３,2018-04-01T15:00:00.000Z
4000013050160,橋本簡易裁判所,ハシモトカンイサイバンショ,30203,和歌山県橋本市東家５丁目２－４,2018-04-01T15:00:00.000Z
1000013050163,御坊簡易裁判所,ゴボウカンイサイバンショ,30205,和歌山県御坊市湯川町財部５１５－２,2018-04-01T15:00:00.000Z
3000013050161,田辺簡易裁判所,タナベカンイサイバンショ,30206,和歌山県田辺市新屋敷町５,2018-04-01T15:00:00.000Z
6000012160066,田辺検察審査会,タナベケンサツシンサカイ,30206,和歌山県田辺市新屋敷町５,2018-04-01T15:00:00.000Z
9000013050164,新宮簡易裁判所,シングウカンイサイバンショ,30207,和歌山県新宮市千穂３丁目７－１３,2018-04-01T15:00:00.000Z
6000013050159,妙寺簡易裁判所,ミョウジカンイサイバンショ,30341,和歌山県伊都郡かつらぎ町大字妙寺１１１,2018-04-01T15:00:00.000Z
7000013050158,湯浅簡易裁判所,ユアサカンイサイバンショ,30361,和歌山県有田郡湯浅町大字湯浅１７９４－３１,2018-04-01T15:00:00.000Z
2000013050162,串本簡易裁判所,クシモトカンイサイバンショ,30428,和歌山県東牟婁郡串本町串本１５３１－１,2018-04-01T15:00:00.000Z
5000012140036,鳥取地方検察庁,トットリチホウケンサツチョウ,31201,鳥取県鳥取市西町３丁目２０１,2018-04-01T15:00:00.000Z
8000013030027,鳥取地方裁判所,トットリチホウサイバンショ,31201,鳥取県鳥取市東町２丁目２２３,2018-04-01T15:00:00.000Z
7000013040027,鳥取家庭裁判所,トットリカテイサイバンショ,31201,鳥取県鳥取市東町２丁目２２３,2018-04-01T15:00:00.000Z
1000013050238,鳥取簡易裁判所,トットリカンイサイバンショ,31201,鳥取県鳥取市東町２丁目２２３,2018-04-01T15:00:00.000Z
6000012160099,鳥取検察審査会,トットリケンサツシンサカイ,31201,鳥取県鳥取市東町２丁目２２３,2018-04-01T15:00:00.000Z
7000013050240,米子簡易裁判所,ヨナゴカンイサイバンショ,31202,鳥取県米子市西町６２,2018-04-01T15:00:00.000Z
5000012160100,米子検察審査会,ヨナゴケンサツシンサカイ,31202,鳥取県米子市西町６２,2018-04-01T15:00:00.000Z
9000013050239,倉吉簡易裁判所,クラヨシカンイサイバンショ,31203,鳥取県倉吉市仲ノ町７３４,2018-04-01T15:00:00.000Z
4000012140037,松江地方検察庁,マツエチホウケンサツチョウ,32201,島根県松江市母衣町５０,2018-04-01T15:00:00.000Z
4000012160101,松江検察審査会,マツエケンサツシンサカイ,32201,島根県松江市母衣町６８,2018-04-01T15:00:00.000Z
6000013050241,松江簡易裁判所,マツエカンイサイバンショ,32201,島根県松江市母衣町６８,2018-04-01T15:00:00.000Z
6000013040028,松江家庭裁判所,マツエカテイサイバンショ,32201,島根県松江市母衣町６８,2018-04-01T15:00:00.000Z
7000013030028,松江地方裁判所,マツエチホウサイバンショ,32201,島根県松江市母衣町６８,2018-04-01T15:00:00.000Z
3000013050244,浜田簡易裁判所,ハマダカンイサイバンショ,32202,島根県浜田市殿町９８０,2018-04-01T15:00:00.000Z
4000013050243,出雲簡易裁判所,イズモカンイサイバンショ,32203,島根県出雲市今市町７９７－２,2018-04-01T15:00:00.000Z
2000013050245,益田簡易裁判所,マスダカンイサイバンショ,32204,島根県益田市幸町６－６０,2018-04-01T15:00:00.000Z
5000013050242,雲南簡易裁判所,ウンナンカンイサイバンショ,32209,島根県雲南市木次町木次９８０,2018-04-01T15:00:00.000Z
1000013050246,川本簡易裁判所,カワモトカンイサイバンショ,32441,島根県邑智郡川本町大字川本３４０,2018-04-01T15:00:00.000Z
9000013050247,西郷簡易裁判所,サイゴウカンイサイバンショ,32528,島根県隠岐郡隠岐の島町港町指向５－１,2018-04-01T15:00:00.000Z
3000012160102,西郷検察審査会,サイゴウケンサツシンサカイ,32528,島根県隠岐郡隠岐の島町港町指向５－１,2018-04-01T15:00:00.000Z
6000012140035,岡山地方検察庁,オカヤマチホウケンサツチョウ,33101,岡山県岡山市北区南方１丁目８－１,2018-04-01T15:00:00.000Z
8000013040026,岡山家庭裁判所,オカヤマカテイサイバンショ,33101,岡山県岡山市北区南方１丁目８－４２,2018-04-01T15:00:00.000Z
3000013050228,岡山簡易裁判所,オカヤマカンイサイバンショ,33101,岡山県岡山市北区南方１丁目８－４２,2018-04-01T15:00:00.000Z
9000013030026,岡山地方裁判所,オカヤマチホウサイバンショ,33101,岡山県岡山市北区南方１丁目８－４２,2018-04-01T15:00:00.000Z
9000012160096,岡山検察審査会,オカヤマケンサツシンサカイ,33101,岡山県岡山市北区南方１丁目８－４２,2018-04-01T15:00:00.000Z
8000013050231,玉島簡易裁判所,タマシマカンイサイバンショ,33202,岡山県倉敷市玉島１丁目２－４３,2018-04-01T15:00:00.000Z
8000012160097,倉敷検察審査会,クラシキケンサツシンサカイ,33202,岡山県倉敷市幸町３－３３,2018-04-01T15:00:00.000Z
7000013050232,倉敷簡易裁判所,クラシキカンイサイバンショ,33202,岡山県倉敷市幸町３－３３,2018-04-01T15:00:00.000Z
9000013050230,児島簡易裁判所,コジマカンイサイバンショ,33202,岡山県倉敷市児島小川１丁目４－１４,2018-04-01T15:00:00.000Z
7000012160098,津山検察審査会,ツヤマケンサツシンサカイ,33203,岡山県津山市椿高下５２,2018-04-01T15:00:00.000Z
3000013050236,津山簡易裁判所,ツヤマカンイサイバンショ,33203,岡山県津山市椿高下５２,2018-04-01T15:00:00.000Z
2000013050229,玉野簡易裁判所,タマノカンイサイバンショ,33204,岡山県玉野市宇野２丁目２－１,2018-04-01T15:00:00.000Z
6000013050233,笠岡簡易裁判所,カサオカカンイサイバンショ,33205,岡山県笠岡市笠岡１７３２,2018-04-01T15:00:00.000Z
5000013050234,高梁簡易裁判所,タカハシカンイサイバンショ,33209,岡山県高梁市片原町１,2018-04-01T15:00:00.000Z
4000013050235,新見簡易裁判所,ニイミカンイサイバンショ,33210,岡山県新見市新見１２２２,2018-04-01T15:00:00.000Z
2000013050237,勝山簡易裁判所,カツヤマカンイサイバンショ,33214,岡山県真庭市勝山６２８,2018-04-01T15:00:00.000Z
1000013040024,広島家庭裁判所,ヒロシマカテイサイバンショ,34101,広島県広島市中区上八丁堀１－６,2018-04-01T15:00:00.000Z
3000012140005,広島高等検察庁,ヒロシマコウトウケンサツチョウ,34101,広島県広島市中区上八丁堀２－３１,2018-04-01T15:00:00.000Z
8000012140033,広島地方検察庁,ヒロシマチホウケンサツチョウ,34101,広島県広島市中区上八丁堀２－３１,2018-04-01T15:00:00.000Z
8000013050207,広島簡易裁判所,ヒロシマカンイサイバンショ,34101,広島県広島市中区上八丁堀２－４３,2018-04-01T15:00:00.000Z
2000013030024,広島地方裁判所,ヒロシマチホウサイバンショ,34101,広島県広島市中区上八丁堀２－４３,2018-04-01T15:00:00.000Z
3000012160085,広島第一検察審査会,ヒロシマダイイチケンサツシンサカイ,34101,広島県広島市中区上八丁堀２－４３,2018-04-01T15:00:00.000Z
8000013010004,広島高等裁判所,ヒロシマコウトウサイバンショ,34101,広島県広島市中区上八丁堀２－４３,2018-04-01T15:00:00.000Z
2000012160086,広島第二検察審査会,ヒロシマダイニケンサツシンサカイ,34101,広島県広島市中区上八丁堀２－４３,2018-04-01T15:00:00.000Z
6000013050209,可部簡易裁判所,カベカンイサイバンショ,34106,広島県広島市安佐北区可部４丁目１２－２４,2018-04-01T15:00:00.000Z
1000012160087,呉検察審査会,クレケンサツシンサカイ,34202,広島県呉市西中央４丁目１－４６,2018-04-01T15:00:00.000Z
3000013050211,呉簡易裁判所,クレカンイサイバンショ,34202,広島県呉市西中央４丁目１－４６,2018-04-01T15:00:00.000Z
2000013050212,竹原簡易裁判所,タケハラカンイサイバンショ,34203,広島県竹原市竹原町３５５３,2018-04-01T15:00:00.000Z
9000012160088,尾道検察審査会,オノミチケンサツシンサカイ,34205,広島県尾道市新浜１丁目１２－４,2018-04-01T15:00:00.000Z
1000013050213,尾道簡易裁判所,オノミチカンイサイバンショ,34205,広島県尾道市新浜１丁目１２－４,2018-04-01T15:00:00.000Z
8000012160089,福山検察審査会,フクヤマケンサツシンサカイ,34207,広島県福山市三吉町１丁目７－１,2018-04-01T15:00:00.000Z
9000013050214,福山簡易裁判所,フクヤマカンイサイバンショ,34207,広島県福山市三吉町１丁目７－１,2018-04-01T15:00:00.000Z
8000013050215,府中簡易裁判所,フチュウカンイサイバンショ,34208,広島県府中市鵜飼町５４２－１３,2018-04-01T15:00:00.000Z
7000013050216,三次簡易裁判所,ミヨシカンイサイバンショ,34209,広島県三次市三次町１７２５－１,2018-04-01T15:00:00.000Z
6000012160090,三次検察審査会,ミヨシケンサツシンサカイ,34209,広島県三次市三次町１７２５－１,2018-04-01T15:00:00.000Z
6000013050217,庄原簡易裁判所,ショウバラカンイサイバンショ,34210,広島県庄原市西本町１丁目１９－８,2018-04-01T15:00:00.000Z
4000013050210,大竹簡易裁判所,オオタケカンイサイバンショ,34211,広島県大竹市白石１丁目７－６,2018-04-01T15:00:00.000Z
7000013050208,東広島簡易裁判所,ヒガシヒロシマカンイサイバンショ,34212,広島県東広島市西条朝日町５－２３,2018-04-01T15:00:00.000Z
6000013050225,下関簡易裁判所,シモノセキカンイサイバンショ,35201,山口県下関市上田中町８丁目２－２,2018-04-01T15:00:00.000Z
1000012160095,下関検察審査会,シモノセキケンサツシンサカイ,35201,山口県下関市上田中町８丁目２－２,2018-04-01T15:00:00.000Z
4000013050227,宇部簡易裁判所,ウベカンイサイバンショ,35202,山口県宇部市琴芝町２丁目２－３５,2018-04-01T15:00:00.000Z
5000013050226,船木簡易裁判所,フナキカンイサイバンショ,35202,山口県宇部市大字船木１８３,2018-04-01T15:00:00.000Z
7000012140034,山口地方検察庁,ヤマグチチホウケンサツチョウ,35203,山口県山口市駅通り１丁目１－２,2018-04-01T15:00:00.000Z
5000013050218,山口簡易裁判所,ヤマグチカンイサイバンショ,35203,山口県山口市駅通り１丁目６－１,2018-04-01T15:00:00.000Z
1000013030025,山口地方裁判所,ヤマグチチホウサイバンショ,35203,山口県山口市駅通り１丁目６－１,2018-04-01T15:00:00.000Z
9000013040025,山口家庭裁判所,ヤマグチカテイサイバンショ,35203,山口県山口市駅通り１丁目６－１,2018-04-01T15:00:00.000Z
5000012160091,山口検察審査会,ヤマグチケンサツシンサカイ,35203,山口県山口市駅通り１丁目６－１,2018-04-01T15:00:00.000Z
1000013050221,萩簡易裁判所,ハギカンイサイバンショ,35204,山口県萩市大字江向４６９,2018-04-01T15:00:00.000Z
3000012160093,萩検察審査会,ハギケンサツシンサカイ,35204,山口県萩市大字江向４６９,2018-04-01T15:00:00.000Z
4000013050219,防府簡易裁判所,ホウフカンイサイバンショ,35206,山口県防府市寿町６－４０,2018-04-01T15:00:00.000Z
8000013050223,岩国簡易裁判所,イワクニカンイサイバンショ,35208,山口県岩国市錦見１丁目１６－４５,2018-04-01T15:00:00.000Z
2000012160094,岩国検察審査会,イワクニケンサツシンサカイ,35208,山口県岩国市錦見１丁目１６－４５,2018-04-01T15:00:00.000Z
9000013050222,長門簡易裁判所,ナガトカンイサイバンショ,35211,山口県長門市東深川１３４２－２,2018-04-01T15:00:00.000Z
7000013050224,柳井簡易裁判所,ヤナイカンイサイバンショ,35212,山口県柳井市山根１０－２０,2018-04-01T15:00:00.000Z
4000012160092,周南検察審査会,シュウナンケンサツシンサカイ,35215,山口県周南市岐山通２丁目５,2018-04-01T15:00:00.000Z
2000013050220,周南簡易裁判所,シュウナンカンイサイバンショ,35215,山口県周南市岐山通２丁目５,2018-04-01T15:00:00.000Z
5000012160158,徳島検察審査会,トクシマケンサツシンサカイ,36201,徳島県徳島市徳島町１丁目５－１,2018-04-01T15:00:00.000Z
2000013050419,徳島簡易裁判所,トクシマカンイサイバンショ,36201,徳島県徳島市徳島町１丁目５－１,2018-04-01T15:00:00.000Z
2000013040048,徳島家庭裁判所,トクシマカテイサイバンショ,36201,徳島県徳島市徳島町１丁目５－１,2018-04-01T15:00:00.000Z
3000013030048,徳島地方裁判所,トクシマチホウサイバンショ,36201,徳島県徳島市徳島町１丁目５－１,2018-04-01T15:00:00.000Z
9000012140057,徳島地方検察庁,トクシマチホウケンサツチョウ,36201,徳島県徳島市徳島町２丁目１７,2018-04-01T15:00:00.000Z
9000013050420,鳴門簡易裁判所,ナルトカンイサイバンショ,36202,徳島県鳴門市撫養町立岩字七枚１１５,2018-04-01T15:00:00.000Z
8000013050421,阿南簡易裁判所,アナンカンイサイバンショ,36204,徳島県阿南市富岡町西池田口１－１,2018-04-01T15:00:00.000Z
4000013050425,吉野川簡易裁判所,ヨシノガワカンイサイバンショ,36205,徳島県吉野川市川島町川島５８８,2018-04-01T15:00:00.000Z
6000013050423,美馬簡易裁判所,ミマカンイサイバンショ,36207,徳島県美馬市脇町大字脇町１２２９－３,2018-04-01T15:00:00.000Z
4000012160159,美馬検察審査会,ミマケンサツシンサカイ,36207,徳島県美馬市脇町大字脇町１２２９－３,2018-04-01T15:00:00.000Z
5000013050424,徳島池田簡易裁判所,トクシマイケダカンイサイバンショ,36208,徳島県三好市池田町マチ２４９４－７,2018-04-01T15:00:00.000Z
7000013050422,牟岐簡易裁判所,ムギカンイサイバンショ,36383,徳島県海部郡牟岐町大字中村字本村５４－２,2018-04-01T15:00:00.000Z
1000012140056,高松地方検察庁,タカマツチホウケンサツチョウ,37201,香川県高松市丸の内１－１,2018-04-01T15:00:00.000Z
8000012140009,高松高等検察庁,タカマツコウトウケンサツチョウ,37201,香川県高松市丸の内１－１,2018-04-01T15:00:00.000Z
4000013030047,高松地方裁判所,タカマツチホウサイバンショ,37201,香川県高松市丸の内１－３６,2018-04-01T15:00:00.000Z
7000012160156,高松検察審査会,タカマツケンサツシンサカイ,37201,香川県高松市丸の内１－３６,2018-04-01T15:00:00.000Z
4000013010008,高松高等裁判所,タカマツコウトウサイバンショ,37201,香川県高松市丸の内１－３６,2018-04-01T15:00:00.000Z
7000013050414,高松簡易裁判所,タカマツカンイサイバンショ,37201,香川県高松市丸の内２－２７,2018-04-01T15:00:00.000Z
3000013040047,高松家庭裁判所,タカマツカテイサイバンショ,37201,香川県高松市丸の内２－２７,2018-04-01T15:00:00.000Z
6000012160157,丸亀検察審査会,マルガメケンサツシンサカイ,37202,香川県丸亀市大手町３丁目４－１,2018-04-01T15:00:00.000Z
5000013050416,丸亀簡易裁判所,マルガメカンイサイバンショ,37202,香川県丸亀市大手町３丁目４－１,2018-04-01T15:00:00.000Z
4000013050417,善通寺簡易裁判所,ゼンツウジカンイサイバンショ,37204,香川県善通寺市文京町３丁目１－１,2018-04-01T15:00:00.000Z
3000013050418,観音寺簡易裁判所,カンオンジカンイサイバンショ,37205,香川県観音寺市観音寺町甲２８０４－１,2018-04-01T15:00:00.000Z
6000013050415,土庄簡易裁判所,トノショウカンイサイバンショ,37322,香川県小豆郡土庄町淵崎甲１４３０－１,2018-04-01T15:00:00.000Z
1000012160161,松山検察審査会,マツヤマケンサツシンサカイ,38201,愛媛県松山市一番町３丁目３－８,2018-04-01T15:00:00.000Z
7000013050430,松山簡易裁判所,マツヤマカンイサイバンショ,38201,愛媛県松山市一番町３丁目３－８,2018-04-01T15:00:00.000Z
9000013030050,松山地方裁判所,マツヤマチホウサイバンショ,38201,愛媛県松山市一番町３丁目３－８,2018-04-01T15:00:00.000Z
7000012140059,松山地方検察庁,マツヤマチホウケンサツチョウ,38201,愛媛県松山市一番町４丁目４－１,2018-04-01T15:00:00.000Z
8000013040050,松山家庭裁判所,マツヤマカテイサイバンショ,38201,愛媛県松山市南堀端町２－１,2018-04-01T15:00:00.000Z
7000012160164,今治検察審査会,イマバリケンサツシンサカイ,38202,愛媛県今治市常盤町４丁目５－３,2018-04-01T15:00:00.000Z
1000013050436,今治簡易裁判所,イマバリカンイサイバンショ,38202,愛媛県今治市常盤町４丁目５－３,2018-04-01T15:00:00.000Z
9000013050437,宇和島簡易裁判所,ウワジマカンイサイバンショ,38203,愛媛県宇和島市鶴島町８－１６,2018-04-01T15:00:00.000Z
6000012160165,宇和島検察審査会,ウワジマケンサツシンサカイ,38203,愛媛県宇和島市鶴島町８－１６,2018-04-01T15:00:00.000Z
5000013050432,八幡浜簡易裁判所,ヤワタハマカンイサイバンショ,38204,愛媛県八幡浜市裁判所通１５５０－６,2020-07-07T15:00:00.000Z
3000013050434,新居浜簡易裁判所,ニイハマカンイサイバンショ,38205,愛媛県新居浜市繁本町２－１,2018-04-01T15:00:00.000Z
8000012160163,西条検察審査会,サイジョウケンサツシンサカイ,38206,愛媛県西条市明屋敷１６５,2018-04-01T15:00:00.000Z
4000013050433,西条簡易裁判所,サイジョウカンイサイバンショ,38206,愛媛県西条市明屋敷１６５,2018-04-01T15:00:00.000Z
9000012160162,大洲検察審査会,オオズケンサツシンサカイ,38207,愛媛県大洲市大洲８４５,2018-04-01T15:00:00.000Z
6000013050431,大洲簡易裁判所,オオズカンイサイバンショ,38207,愛媛県大洲市大洲８４５,2018-04-01T15:00:00.000Z
2000013050435,四国中央簡易裁判所,シコクチュウオウカンイサイバンショ,38213,愛媛県四国中央市三島中央５丁目４－２８,2018-04-01T15:00:00.000Z
8000013050438,愛南簡易裁判所,アイナンカンイサイバンショ,38506,愛媛県南宇和郡愛南町城辺甲３８２７,2018-04-01T15:00:00.000Z
2000013030049,高知地方裁判所,コウチチホウサイバンショ,39201,高知県高知市丸ノ内１丁目３－５,2018-04-01T15:00:00.000Z
2000012160160,高知検察審査会,コウチケンサツシンサカイ,39201,高知県高知市丸ノ内１丁目３－５,2018-04-01T15:00:00.000Z
3000013050426,高知簡易裁判所,コウチカンイサイバンショ,39201,高知県高知市丸ノ内１丁目３－５,2018-04-01T15:00:00.000Z
1000013040049,高知家庭裁判所,コウチカテイサイバンショ,39201,高知県高知市丸ノ内１丁目３－５,2018-04-01T15:00:00.000Z
8000012140058,高知地方検察庁,コウチチホウケンサツチョウ,39201,高知県高知市丸ノ内１丁目４－１,2018-04-01T15:00:00.000Z
1000013050428,安芸簡易裁判所,アキカンイサイバンショ,39203,高知県安芸市久世町９－２５,2018-04-01T15:00:00.000Z
2000013050427,須崎簡易裁判所,スサキカンイサイバンショ,39206,高知県須崎市鍛治町２－１１,2018-04-01T15:00:00.000Z
9000013050429,中村簡易裁判所,ナカムラカンイサイバンショ,39210,高知県四万十市中村山手通５４－１,2018-04-01T15:00:00.000Z
6000012160108,小倉検察審査会,コクラケンサツシンサカイ,40106,福岡県北九州市小倉北区金田１丁目４－１,2018-04-01T15:00:00.000Z
2000013050253,小倉簡易裁判所,コクラカンイサイバンショ,40106,福岡県北九州市小倉北区金田１丁目４－１,2018-04-01T15:00:00.000Z
1000013050254,折尾簡易裁判所,オリオカンイサイバンショ,40109,福岡県北九州市八幡西区折尾４丁目２９－６,2018-04-01T15:00:00.000Z
2000012140006,福岡高等検察庁,フクオカコウトウケンサツチョウ,40133,福岡県福岡市中央区六本松４丁目２－３,2019-09-19T15:00:00.000Z
3000012140038,福岡地方検察庁,フクオカチホウケンサツチョウ,40133,福岡県福岡市中央区六本松４丁目２－３,2019-09-19T15:00:00.000Z
1000012160104,福岡第二検察審査会,フクオカダイニケンサツシンサカイ,40133,福岡県福岡市中央区六本松４丁目２番４号,2018-08-30T15:00:00.000Z
7000013010005,福岡高等裁判所,フクオカコウトウサイバンショ,40133,福岡県福岡市中央区六本松４丁目２番４号,2018-08-30T15:00:00.000Z
6000013030029,福岡地方裁判所,フクオカチホウサイバンショ,40133,福岡県福岡市中央区六本松４丁目２番４号,2018-08-30T15:00:00.000Z
2000012160103,福岡第一検察審査会,フクオカダイイチケンサツシンサカイ,40133,福岡県福岡市中央区六本松４丁目２番４号,2018-08-30T15:00:00.000Z
8000013050248,福岡簡易裁判所,フクオカカンイサイバンショ,40133,福岡県福岡市中央区六本松４丁目２番４号,2018-08-30T15:00:00.000Z
5000013040029,福岡家庭裁判所,フクオカカテイサイバンショ,40133,福岡県福岡市中央区六本松４丁目２番４号,2018-08-30T15:00:00.000Z
6000013050258,大牟田簡易裁判所,オオムタカンイサイバンショ,40202,福岡県大牟田市白金町１０１,2018-04-01T15:00:00.000Z
8000012160106,久留米検察審査会,クルメケンサツシンサカイ,40203,福岡県久留米市篠山町２１,2018-04-01T15:00:00.000Z
9000013050255,久留米簡易裁判所,クルメカンイサイバンショ,40203,福岡県久留米市篠山町２１,2018-04-01T15:00:00.000Z
3000013050252,直方簡易裁判所,ノオガタカンイサイバンショ,40204,福岡県直方市丸山町１－４,2018-04-01T15:00:00.000Z
9000012160105,飯塚検察審査会,イイヅカケンサツシンサカイ,40205,福岡県飯塚市新立岩１０－２９,2018-04-01T15:00:00.000Z
4000013050251,飯塚簡易裁判所,イイヅカカンイサイバンショ,40205,福岡県飯塚市新立岩１０－２９,2018-04-01T15:00:00.000Z
2000013050261,田川簡易裁判所,タガワカンイサイバンショ,40206,福岡県田川市千代町１－５,2018-04-01T15:00:00.000Z
7000013050257,柳川簡易裁判所,ヤナガワカンイサイバンショ,40207,福岡県柳川市本町４,2018-04-01T15:00:00.000Z
7000012160107,柳川検察審査会,ヤナガワケンサツシンサカイ,40207,福岡県柳川市本町４,2018-04-01T15:00:00.000Z
5000013050259,八女簡易裁判所,ヤメカンイサイバンショ,40210,福岡県八女市本町５３７－４,2018-04-01T15:00:00.000Z
3000013050260,行橋簡易裁判所,ユクハシカンイサイバンショ,40213,福岡県行橋市行事１丁目８－２３,2018-04-01T15:00:00.000Z
7000013050249,宗像簡易裁判所,ムナカタカンイサイバンショ,40220,福岡県宗像市田熊２丁目３－３４,2018-04-01T15:00:00.000Z
8000013050256,うきは簡易裁判所,ウキハカンイサイバンショ,40225,福岡県うきは市吉井町３４３－６,2018-04-01T15:00:00.000Z
5000013050250,甘木簡易裁判所,アマギカンイサイバンショ,40228,福岡県朝倉市菩提寺５７１,2018-04-01T15:00:00.000Z
1000013050262,佐賀簡易裁判所,サガカンイサイバンショ,41201,佐賀県佐賀市中の小路３－２２,2018-04-01T15:00:00.000Z
4000013030030,佐賀地方裁判所,サガチホウサイバンショ,41201,佐賀県佐賀市中の小路３－２２,2018-04-01T15:00:00.000Z
3000013040030,佐賀家庭裁判所,サガカテイサイバンショ,41201,佐賀県佐賀市中の小路３－２２,2018-04-01T15:00:00.000Z
5000012160109,佐賀検察審査会,サガケンサツシンサカイ,41201,佐賀県佐賀市中の小路３－２２,2018-04-01T15:00:00.000Z
2000012140039,佐賀地方検察庁,サガチホウケンサツチョウ,41201,佐賀県佐賀市中の小路５－２５,2018-04-01T15:00:00.000Z
5000013050267,唐津簡易裁判所,カラツカンイサイバンショ,41202,佐賀県唐津市大名小路１－１,2018-04-01T15:00:00.000Z
9000013050263,鳥栖簡易裁判所,トスカンイサイバンショ,41203,佐賀県鳥栖市秋葉町３丁目２８－１,2018-04-01T15:00:00.000Z
6000013050266,伊万里簡易裁判所,イマリカンイサイバンショ,41205,佐賀県伊万里市立花町４１０７,2018-04-01T15:00:00.000Z
8000013050264,武雄簡易裁判所,タケオカンイサイバンショ,41206,佐賀県武雄市武雄町大字武雄５６６０,2018-04-01T15:00:00.000Z
7000013050265,鹿島簡易裁判所,カシマカンイサイバンショ,41207,佐賀県鹿島市大字高津原３５７５,2018-04-01T15:00:00.000Z
2000013040031,長崎家庭裁判所,ナガサキカテイサイバンショ,42201,長崎県長崎市万才町６－２５,2018-04-01T15:00:00.000Z
4000013050268,長崎簡易裁判所,ナガサキカンイサイバンショ,42201,長崎県長崎市万才町６－２５,2018-04-01T15:00:00.000Z
3000013030031,長崎地方裁判所,ナガサキチホウサイバンショ,42201,長崎県長崎市万才町９－２６,2018-04-01T15:00:00.000Z
3000012160110,長崎検察審査会,ナガサキケンサツシンサカイ,42201,長崎県長崎市万才町９－２６,2018-04-01T15:00:00.000Z
9000012140040,長崎地方検察庁,ナガサキチホウケンサツチョウ,42201,長崎県長崎市万才町９－３３,2018-04-01T15:00:00.000Z
8000013050272,佐世保簡易裁判所,サセボカンイサイバンショ,42202,長崎県佐世保市光月町９－４,2018-04-01T15:00:00.000Z
2000012160111,佐世保検察審査会,サセボケンサツシンサカイ,42202,長崎県佐世保市光月町９－４,2018-04-01T15:00:00.000Z
9000013050271,島原簡易裁判所,シマバラカンイサイバンショ,42203,長崎県島原市城内１丁目１１９５－１,2018-04-01T15:00:00.000Z
1000013050270,諫早簡易裁判所,イサハヤカンイサイバンショ,42204,長崎県諫早市永昌東町２４－１２,2018-04-01T15:00:00.000Z
3000013050269,大村簡易裁判所,オオムラカンイサイバンショ,42205,長崎県大村市東本町２８７,2018-04-01T15:00:00.000Z
7000013050273,平戸簡易裁判所,ヒラドカンイサイバンショ,42207,長崎県平戸市戸石川町４６０,2018-04-01T15:00:00.000Z
3000013050277,厳原簡易裁判所,イヅハラカンイサイバンショ,42209,長崎県対馬市厳原町中村６４２－１,2018-04-01T15:00:00.000Z
9000012160113,厳原検察審査会,イヅハラケンサツシンサカイ,42209,長崎県対馬市厳原町中村６４２－１,2018-04-01T15:00:00.000Z
2000013050278,上県簡易裁判所,カミアガタカンイサイバンショ,42209,長崎県対馬市上県町佐須奈甲６３９－２２,2018-04-01T15:00:00.000Z
6000013050274,壱岐簡易裁判所,イキカンイサンバンショ,42210,長崎県壱岐市郷ノ浦町本村触６２４－１,2018-04-01T15:00:00.000Z
5000013050275,五島簡易裁判所,ゴトウカンイサイバンショ,42211,長崎県五島市栄町１－７,2018-04-01T15:00:00.000Z
1000012160112,五島検察審査会,ゴトウケンサツシンサカイ,42211,長崎県五島市栄町１－７,2018-04-01T15:00:00.000Z
4000013050276,新上五島簡易裁判所,シンカミゴトウカンイサイバンショ,42411,長崎県南松浦郡新上五島町有川郷２２７６－５,2018-04-01T15:00:00.000Z
7000012140042,熊本地方検察庁,クマモトチホウケンサツチョウ,43101,熊本県熊本市中央区京町１丁目１２－１１,2018-04-01T15:00:00.000Z
9000013050288,熊本簡易裁判所,クマモトカンイサイバンショ,43101,熊本県熊本市中央区京町１丁目１３－１１,2018-04-01T15:00:00.000Z
1000013030033,熊本地方裁判所,クマモトチホウサイバンショ,43101,熊本県熊本市中央区京町１丁目１３－１１,2018-04-01T15:00:00.000Z
6000012160116,熊本検察審査会,クマモトケンサツシンサカイ,43101,熊本県熊本市中央区京町１丁目１３－１１,2018-04-01T15:00:00.000Z
9000013040033,熊本家庭裁判所,クマモトカテイサイバンショ,43101,熊本県熊本市中央区千葉城町３－３１,2018-04-01T15:00:00.000Z
9000013050296,八代簡易裁判所,ヤツシロカンイサイバンショ,43202,熊本県八代市西松江城町１－４１,2018-04-01T15:00:00.000Z
5000012160117,八代検察審査会,ヤツシロケンサツシンサカイ,43202,熊本県八代市西松江城町１－４１,2018-04-01T15:00:00.000Z
7000013050298,人吉簡易裁判所,ヒトヨシカンイサイバンショ,43203,熊本県人吉市寺町１,2018-04-01T15:00:00.000Z
6000013050290,荒尾簡易裁判所,アラオカンイサイバンショ,43204,熊本県荒尾市荒尾１５８８,2018-04-01T15:00:00.000Z
8000013050297,水俣簡易裁判所,ミナマタカンイサイバンショ,43205,熊本県水俣市天神町１丁目１－１,2018-04-01T15:00:00.000Z
5000013050291,玉名簡易裁判所,タマナカンイサイバンショ,43206,熊本県玉名市繁根木５４－８,2018-04-01T15:00:00.000Z
4000013050292,山鹿簡易裁判所,ヤマガカンイサイバンショ,43208,熊本県山鹿市山鹿２８０,2018-04-01T15:00:00.000Z
8000013050289,宇城簡易裁判所,ウキカンイサイバンショ,43213,熊本県宇城市三角町波多４３８－１８,2018-04-01T15:00:00.000Z
3000013050293,阿蘇簡易裁判所,アソカンイサイバンショ,43214,熊本県阿蘇市一の宮町宮地２４７６－１,2018-04-01T15:00:00.000Z
5000013050300,牛深簡易裁判所,ウシブカカンイサイバンショ,43215,熊本県天草市牛深町２０６１－１７,2018-04-01T15:00:00.000Z
6000013050299,天草簡易裁判所,アマクサカンイサイバンショ,43215,熊本県天草市諏訪町１６－２４,2018-04-01T15:00:00.000Z
2000013050294,高森簡易裁判所,タカモリカンイサイバンショ,43428,熊本県阿蘇郡高森町大字高森１３８５－６,2018-04-01T15:00:00.000Z
1000013050295,御船簡易裁判所,ミフネカンイサイバンショ,43441,熊本県上益城郡御船町大字辺田見１２５０－１,2018-04-01T15:00:00.000Z
1000013050279,大分簡易裁判所,オオイタカンイサイバンショ,44201,大分県大分市荷揚町７－１５,2018-04-01T15:00:00.000Z
2000013030032,大分地方裁判所,オオイタチホウサイバンショ,44201,大分県大分市荷揚町７－１５,2018-04-01T15:00:00.000Z
8000012160114,大分検察審査会,オオイタケンサツシンサカイ,44201,大分県大分市荷揚町７－１５,2018-04-01T15:00:00.000Z
1000013040032,大分家庭裁判所,オオイタカテイサイバンショ,44201,大分県大分市荷揚町７－１５,2018-04-01T15:00:00.000Z
8000012140041,大分地方検察庁,オオイタチホウケンサツチョウ,44201,大分県大分市荷揚町７－５,2018-04-01T15:00:00.000Z
8000013050280,別府簡易裁判所,ベップカンイサイバンショ,44202,大分県別府市上田の湯町４－８,2018-04-01T15:00:00.000Z
7000012160115,中津検察審査会,ナカツケンサツシンサカイ,44203,大分県中津市二ノ丁１２６０,2018-04-01T15:00:00.000Z
6000013050282,中津簡易裁判所,ナカツカンイサイバンショ,44203,大分県中津市二ノ丁１２６０,2018-04-01T15:00:00.000Z
4000013050284,日田簡易裁判所,ヒタカンイサイバンショ,44204,大分県日田市淡窓１丁目１－５３,2018-04-01T15:00:00.000Z
2000013050286,佐伯簡易裁判所,サイキカンイサイバンショ,44205,大分県佐伯市野岡町２丁目１３－２,2018-04-01T15:00:00.000Z
1000013050287,臼杵簡易裁判所,ウスキカンイサイバンショ,44206,大分県臼杵市大字臼杵１０１－２,2018-04-01T15:00:00.000Z
3000013050285,竹田簡易裁判所,タケタカンイサイバンショ,44208,大分県竹田市大字竹田２０６５－１,2018-04-01T15:00:00.000Z
5000013050283,豊後高田簡易裁判所,ブンゴタカダカンイサイバンショ,44209,大分県豊後高田市玉津８９４,2018-04-01T15:00:00.000Z
7000013050281,杵築簡易裁判所,キツキカンイサイバンショ,44210,大分県杵築市大字杵築１１８０,2018-04-01T15:00:00.000Z
5000013050317,宮崎簡易裁判所,ミヤザキカンイサイバンショ,45201,宮崎県宮崎市旭２丁目３－１３,2018-04-01T15:00:00.000Z
9000012160121,宮崎検察審査会,ミヤザキケンサツシンサカイ,45201,宮崎県宮崎市旭２丁目３－１３,2018-04-01T15:00:00.000Z
7000013040035,宮崎家庭裁判所,ミヤザキカテイサイバンショ,45201,宮崎県宮崎市旭２丁目３－１３,2018-04-01T15:00:00.000Z
8000013030035,宮崎地方裁判所,ミヤザキチホウサイバンショ,45201,宮崎県宮崎市旭２丁目３－１３,2018-04-01T15:00:00.000Z
5000012140044,宮崎地方検察庁,ミヤザキチホウケンサツチョウ,45201,宮崎県宮崎市別府町１－１,2018-04-01T15:00:00.000Z
1000013050320,都城簡易裁判所,ミヤコノジョウカンイサイバンショ,45202,宮崎県都城市八幡町２－３,2018-04-01T15:00:00.000Z
8000012160122,都城検察審査会,ミヤコノジョウケンサツシンサカイ,45202,宮崎県都城市八幡町２－３,2018-04-01T15:00:00.000Z
8000013050322,延岡簡易裁判所,ノベオカカンイサイバンショ,45203,宮崎県延岡市東本小路１２１,2018-04-01T15:00:00.000Z
7000012160123,延岡検察審査会,ノベオカケンサツシンサカイ,45203,宮崎県延岡市東本小路１２１,2018-04-01T15:00:00.000Z
3000013050319,日南簡易裁判所,ニチナンカンイサイバンショ,45204,宮崎県日南市飫肥３丁目６－１,2018-04-01T15:00:00.000Z
9000013050321,小林簡易裁判所,コバヤシカンイサイバンショ,45205,宮崎県小林市真方１１２,2018-04-01T15:00:00.000Z
7000013050323,日向簡易裁判所,ヒュウガカンイサイバンショ,45206,宮崎県日向市南町８－７,2018-04-01T15:00:00.000Z
4000013050318,西都簡易裁判所,サイトカンイサイバンショ,45208,宮崎県西都市大字右松２５１９－１,2018-04-01T15:00:00.000Z
6000013050324,高千穂簡易裁判所,タカチホカンイサイバンショ,45441,宮崎県西臼杵郡高千穂町大字三田井１１８,2018-04-01T15:00:00.000Z
6000012140043,鹿児島地方検察庁,カゴシマチホウケンサツチョウ,46201,鹿児島県鹿児島市山下町１３－１０,2018-04-01T15:00:00.000Z
9000013030034,鹿児島地方裁判所,カゴシマチホウサイバンショ,46201,鹿児島県鹿児島市山下町１３－４７,2018-04-01T15:00:00.000Z
4000013050301,鹿児島簡易裁判所,カゴシマカンイサイバンショ,46201,鹿児島県鹿児島市山下町１３－４７,2018-04-01T15:00:00.000Z
8000013040034,鹿児島家庭裁判所,カゴシマカテイサイバンショ,46201,鹿児島県鹿児島市山下町１３－４７,2018-04-01T15:00:00.000Z
4000012160118,鹿児島検察審査会,カゴシマケンサツシンサカイ,46201,鹿児島県鹿児島市山下町１３－４７,2018-04-01T15:00:00.000Z
1000012160120,鹿屋検察審査会,カノヤケンサツシンサカイ,46203,鹿児島県鹿屋市打馬１丁目２－１４,2018-04-01T15:00:00.000Z
6000013050316,鹿屋簡易裁判所,カノヤカンイサイバンショ,46203,鹿児島県鹿屋市打馬１丁目２－１４,2018-04-01T15:00:00.000Z
8000013050314,出水簡易裁判所,イズミカンイサイバンショ,46208,鹿児島県出水市緑町２５－６,2018-04-01T15:00:00.000Z
1000013050312,指宿簡易裁判所,イブスキカンイサイバンショ,46210,鹿児島県指宿市十町２４４,2018-04-01T15:00:00.000Z
2000013050303,種子島簡易裁判所,タネガシマカンイサイバンショ,46213,鹿児島県西之表市西之表１６２７５番１２,2018-04-01T15:00:00.000Z
9000013050313,川内簡易裁判所,センダイカンイサイバンショ,46215,鹿児島県薩摩川内市花木町２－２０,2018-04-01T15:00:00.000Z
7000013050315,甑島簡易裁判所,コシキジマカンイサイバンショ,46215,鹿児島県薩摩川内市上甑町中甑４８０－１,2018-04-01T15:00:00.000Z
3000013050302,伊集院簡易裁判所,イジュウインカンイサイバンショ,46216,鹿児島県日置市伊集院町下谷口１５４３,2018-04-01T15:00:00.000Z
5000013050309,大隅簡易裁判所,オオスミカンイサイバンショ,46217,鹿児島県曽於市大隅町岩川６６５９－９,2018-04-01T15:00:00.000Z
2000013050311,加世田簡易裁判所,カセダカンイサイバンショ,46220,鹿児島県南さつま市加世田地頭所町１－３,2018-04-01T15:00:00.000Z
9000013050305,名瀬簡易裁判所,ナゼカンイサイバンショ,46222,鹿児島県奄美市名瀬矢之脇町１－１,2018-04-01T15:00:00.000Z
3000012160119,名瀬検察審査会,ナゼケンサツシンサカイ,46222,鹿児島県奄美市名瀬矢之脇町１－１,2018-04-01T15:00:00.000Z
3000013050310,知覧簡易裁判所,チランカンイサイバンショ,46223,鹿児島県南九州市知覧町郡６１９６－１,2018-04-01T15:00:00.000Z
6000013050308,大口簡易裁判所,オオクチカンイサイバンショ,46224,鹿児島県伊佐市大口里２２３５,2018-04-01T15:00:00.000Z
7000013050307,加治木簡易裁判所,カジキカンイサイバンショ,46225,鹿児島県姶良市加治木町仮屋町９５,2018-04-01T15:00:00.000Z
1000013050304,屋久島簡易裁判所,ヤクシマカンイサイバンショ,46505,鹿児島県熊毛郡屋久島町宮之浦２４４５－１８,2018-04-01T15:00:00.000Z
8000013050306,徳之島簡易裁判所,トクノシマカンイサイバンショ,46530,鹿児島県大島郡徳之島町亀津５５４－２,2018-04-01T15:00:00.000Z
5000013050325,那覇簡易裁判所,ナハカンイサイバンショ,47201,沖縄県那覇市樋川１丁目１４－１,2018-04-01T15:00:00.000Z
6000012160124,那覇検察審査会,ナハケンサツシンサカイ,47201,沖縄県那覇市樋川１丁目１４－１,2018-04-01T15:00:00.000Z
7000013030036,那覇地方裁判所,ナハチホウサイバンショ,47201,沖縄県那覇市樋川１丁目１４－１,2018-04-01T15:00:00.000Z
6000013040036,那覇家庭裁判所,ナハカテイサイバンショ,47201,沖縄県那覇市樋川１丁目１４－１０,2018-04-01T15:00:00.000Z
4000012140045,那覇地方検察庁,ナハチホウケンサツチョウ,47201,沖縄県那覇市樋川１丁目１５－１５,2018-04-01T15:00:00.000Z
1000013050329,石垣簡易裁判所,イシガキカンイサイバンショ,47207,沖縄県石垣市字登野城５５,2018-04-01T15:00:00.000Z
4000012160126,石垣検察審査会,イシガキケンサツシンサカイ,47207,沖縄県石垣市字登野城５５,2018-04-01T15:00:00.000Z
3000013050327,名護簡易裁判所,ナゴカンイサイバンショ,47209,沖縄県名護市字宮里４５１－３,2018-04-01T15:00:00.000Z
4000013050326,沖縄簡易裁判所,オキナワカンイサイバンショ,47211,沖縄県沖縄市知花６丁目７－７,2018-04-01T15:00:00.000Z
5000012160125,平良検察審査会,ヒララケンサツシンサカイ,47214,沖縄県宮古島市平良字西里３４５,2018-04-01T15:00:00.000Z
2000013050328,平良簡易裁判所,ヒララカンイサイバンショ,47214,沖縄県宮古島市平良字西里３４５,2018-04-01T15:00:00.000Z
